time,lon,lat,Cloud_Cover_Mean
2017-01-01,9.399999999989234,47.40000000000242,0.15432282
2017-01-02,9.399999999989234,47.40000000000242,0.6478182
2017-01-03,9.399999999989234,47.40000000000242,0.55880916
2017-01-04,9.399999999989234,47.40000000000242,0.8580623
2017-01-05,9.399999999989234,47.40000000000242,0.6546022
2017-01-06,9.399999999989234,47.40000000000242,0.5799666
2017-01-07,9.399999999989234,47.40000000000242,0.8765854
2017-01-08,9.399999999989234,47.40000000000242,0.82154053
2017-01-09,9.399999999989234,47.40000000000242,0.6613244
2017-01-10,9.399999999989234,47.40000000000242,0.91566855
2017-01-11,9.399999999989234,47.40000000000242,0.7529931
2017-01-12,9.399999999989234,47.40000000000242,0.9237571
2017-01-13,9.399999999989234,47.40000000000242,0.72023517
2017-01-14,9.399999999989234,47.40000000000242,0.903434
2017-01-15,9.399999999989234,47.40000000000242,0.67929024
2017-01-16,9.399999999989234,47.40000000000242,0.6603335
2017-01-17,9.399999999989234,47.40000000000242,0.791916
2017-01-18,9.399999999989234,47.40000000000242,0.38875952
2017-01-19,9.399999999989234,47.40000000000242,0.3285592
2017-01-20,9.399999999989234,47.40000000000242,0.3395041
2017-01-21,9.399999999989234,47.40000000000242,0.15557286
2017-01-22,9.399999999989234,47.40000000000242,0.21188575
2017-01-23,9.399999999989234,47.40000000000242,0.18880467
2017-01-24,9.399999999989234,47.40000000000242,0.6527955
2017-01-25,9.399999999989234,47.40000000000242,0.37297282
2017-01-26,9.399999999989234,47.40000000000242,0.33333248
2017-01-27,9.399999999989234,47.40000000000242,0.71174276
2017-01-28,9.399999999989234,47.40000000000242,0.3092203
2017-01-29,9.399999999989234,47.40000000000242,0.1438487
2017-01-30,9.399999999989234,47.40000000000242,0.9201982
2017-01-31,9.399999999989234,47.40000000000242,0.93836075
2017-02-01,9.399999999989234,47.40000000000242,0.8868062
2017-02-02,9.399999999989234,47.40000000000242,0.7791139
2017-02-03,9.399999999989234,47.40000000000242,0.7430257
2017-02-04,9.399999999989234,47.40000000000242,0.6704523
2017-02-05,9.399999999989234,47.40000000000242,0.8178364
2017-02-06,9.399999999989234,47.40000000000242,0.86590064
2017-02-07,9.399999999989234,47.40000000000242,0.9266732
2017-02-08,9.399999999989234,47.40000000000242,0.9277043
2017-02-09,9.399999999989234,47.40000000000242,0.84269595
2017-02-10,9.399999999989234,47.40000000000242,0.52815145
2017-02-11,9.399999999989234,47.40000000000242,0.4466953
2017-02-12,9.399999999989234,47.40000000000242,0.57964414
2017-02-13,9.399999999989234,47.40000000000242,0.07910624
2017-02-14,9.399999999989234,47.40000000000242,0.0
2017-02-15,9.399999999989234,47.40000000000242,0.0
2017-02-16,9.399999999989234,47.40000000000242,0.23467731
2017-02-17,9.399999999989234,47.40000000000242,0.8223372
2017-02-18,9.399999999989234,47.40000000000242,0.4480513
2017-02-19,9.399999999989234,47.40000000000242,0.6346169
2017-02-20,9.399999999989234,47.40000000000242,0.89954543
2017-02-21,9.399999999989234,47.40000000000242,0.9531003
2017-02-22,9.399999999989234,47.40000000000242,0.6364936
2017-02-23,9.399999999989234,47.40000000000242,0.5446648
2017-02-24,9.399999999989234,47.40000000000242,0.74154127
2017-02-25,9.399999999989234,47.40000000000242,0.7099127
2017-02-26,9.399999999989234,47.40000000000242,0.6273637
2017-02-27,9.399999999989234,47.40000000000242,0.20764793
2017-02-28,9.399999999989234,47.40000000000242,0.7654062
2017-03-01,9.399999999989234,47.40000000000242,0.8678195
2017-03-02,9.399999999989234,47.40000000000242,0.42335758
2017-03-03,9.399999999989234,47.40000000000242,0.8254211
2017-03-04,9.399999999989234,47.40000000000242,0.65871966
2017-03-05,9.399999999989234,47.40000000000242,0.7524254
2017-03-06,9.399999999989234,47.40000000000242,0.8523793
2017-03-07,9.399999999989234,47.40000000000242,0.6619628
2017-03-08,9.399999999989234,47.40000000000242,0.8722435
2017-03-09,9.399999999989234,47.40000000000242,0.9189161
2017-03-10,9.399999999989234,47.40000000000242,0.29607546
2017-03-11,9.399999999989234,47.40000000000242,0.58614725
2017-03-12,9.399999999989234,47.40000000000242,0.0
2017-03-13,9.399999999989234,47.40000000000242,0.21825947
2017-03-14,9.399999999989234,47.40000000000242,0.40006676
2017-03-15,9.399999999989234,47.40000000000242,0.14566079
2017-03-16,9.399999999989234,47.40000000000242,0.054862995
2017-03-17,9.399999999989234,47.40000000000242,0.4181422
2017-03-18,9.399999999989234,47.40000000000242,0.98036015
2017-03-19,9.399999999989234,47.40000000000242,0.88274175
2017-03-20,9.399999999989234,47.40000000000242,0.75166965
2017-03-21,9.399999999989234,47.40000000000242,0.9747205
2017-03-22,9.399999999989234,47.40000000000242,0.9842738
2017-03-23,9.399999999989234,47.40000000000242,0.75467587
2017-03-24,9.399999999989234,47.40000000000242,0.97250944
2017-03-25,9.399999999989234,47.40000000000242,0.19746448
2017-03-26,9.399999999989234,47.40000000000242,0.6349204
2017-03-27,9.399999999989234,47.40000000000242,0.0
2017-03-28,9.399999999989234,47.40000000000242,0.05399399
2017-03-29,9.399999999989234,47.40000000000242,0.31313306
2017-03-30,9.399999999989234,47.40000000000242,0.30000234
2017-03-31,9.399999999989234,47.40000000000242,0.40647814
2017-04-01,9.399999999989234,47.40000000000242,0.7831615
2017-04-02,9.399999999989234,47.40000000000242,0.908197
2017-04-03,9.399999999989234,47.40000000000242,0.5671794
2017-04-04,9.399999999989234,47.40000000000242,0.5782227
2017-04-05,9.399999999989234,47.40000000000242,0.88782334
2017-04-06,9.399999999989234,47.40000000000242,0.74071264
2017-04-07,9.399999999989234,47.40000000000242,0.12542495
2017-04-08,9.399999999989234,47.40000000000242,0.0013335292
2017-04-09,9.399999999989234,47.40000000000242,0.04497462
2017-04-10,9.399999999989234,47.40000000000242,0.5113011
2017-04-11,9.399999999989234,47.40000000000242,0.5548803
2017-04-12,9.399999999989234,47.40000000000242,0.5483333
2017-04-13,9.399999999989234,47.40000000000242,0.35997897
2017-04-14,9.399999999989234,47.40000000000242,0.63491964
2017-04-15,9.399999999989234,47.40000000000242,0.90018344
2017-04-16,9.399999999989234,47.40000000000242,0.9809438
2017-04-17,9.399999999989234,47.40000000000242,0.92799765
2017-04-18,9.399999999989234,47.40000000000242,0.7385504
2017-04-19,9.399999999989234,47.40000000000242,0.57218426
2017-04-20,9.399999999989234,47.40000000000242,0.47869024
2017-04-21,9.399999999989234,47.40000000000242,0.0009347096
2017-04-22,9.399999999989234,47.40000000000242,0.6074895
2017-04-23,9.399999999989234,47.40000000000242,0.4865532
2017-04-24,9.399999999989234,47.40000000000242,0.36206466
2017-04-25,9.399999999989234,47.40000000000242,0.9071511
2017-04-26,9.399999999989234,47.40000000000242,1.0
2017-04-27,9.399999999989234,47.40000000000242,1.0
2017-04-28,9.399999999989234,47.40000000000242,0.7568601
2017-04-29,9.399999999989234,47.40000000000242,0.13887618
2017-04-30,9.399999999989234,47.40000000000242,0.50770795
2017-05-01,9.399999999989234,47.40000000000242,0.9317598
2017-05-02,9.399999999989234,47.40000000000242,0.8654093
2017-05-03,9.399999999989234,47.40000000000242,0.82586735
2017-05-04,9.399999999989234,47.40000000000242,0.88600594
2017-05-05,9.399999999989234,47.40000000000242,0.1721306
2017-05-06,9.399999999989234,47.40000000000242,0.99933887
2017-05-07,9.399999999989234,47.40000000000242,1.0
2017-05-08,9.399999999989234,47.40000000000242,1.0
2017-05-09,9.399999999989234,47.40000000000242,0.6226667
2017-05-10,9.399999999989234,47.40000000000242,0.3758755
2017-05-11,9.399999999989234,47.40000000000242,0.87043846
2017-05-12,9.399999999989234,47.40000000000242,0.8474558
2017-05-13,9.399999999989234,47.40000000000242,0.68997234
2017-05-14,9.399999999989234,47.40000000000242,0.68548745
2017-05-15,9.399999999989234,47.40000000000242,0.43978915
2017-05-16,9.399999999989234,47.40000000000242,0.27096373
2017-05-17,9.399999999989234,47.40000000000242,0.04898049
2017-05-18,9.399999999989234,47.40000000000242,0.7177979
2017-05-19,9.399999999989234,47.40000000000242,0.9175307
2017-05-20,9.399999999989234,47.40000000000242,0.7858246
2017-05-21,9.399999999989234,47.40000000000242,0.2112083
2017-05-22,9.399999999989234,47.40000000000242,0.23250067
2017-05-23,9.399999999989234,47.40000000000242,0.858708
2017-05-24,9.399999999989234,47.40000000000242,0.8459744
2017-05-25,9.399999999989234,47.40000000000242,0.13422306
2017-05-26,9.399999999989234,47.40000000000242,0.0
2017-05-27,9.399999999989234,47.40000000000242,0.042430717
2017-05-28,9.399999999989234,47.40000000000242,0.26381648
2017-05-29,9.399999999989234,47.40000000000242,0.24180306
2017-05-30,9.399999999989234,47.40000000000242,0.51434624
2017-05-31,9.399999999989234,47.40000000000242,0.7191728
2017-06-01,9.399999999989234,47.40000000000242,0.87250656
2017-06-02,9.399999999989234,47.40000000000242,0.612373
2017-06-03,9.399999999989234,47.40000000000242,0.6848846
2017-06-04,9.399999999989234,47.40000000000242,0.8175348
2017-06-05,9.399999999989234,47.40000000000242,0.9822106
2017-06-06,9.399999999989234,47.40000000000242,0.813447
2017-06-07,9.399999999989234,47.40000000000242,0.3512196
2017-06-08,9.399999999989234,47.40000000000242,0.4030476
2017-06-09,9.399999999989234,47.40000000000242,0.881175
2017-06-10,9.399999999989234,47.40000000000242,0.26943946
2017-06-11,9.399999999989234,47.40000000000242,0.20275383
2017-06-12,9.399999999989234,47.40000000000242,0.47363195
2017-06-13,9.399999999989234,47.40000000000242,0.50529706
2017-06-14,9.399999999989234,47.40000000000242,0.8562032
2017-06-15,9.399999999989234,47.40000000000242,0.6692771
2017-06-16,9.399999999989234,47.40000000000242,0.60568464
2017-06-17,9.399999999989234,47.40000000000242,0.64353627
2017-06-18,9.399999999989234,47.40000000000242,0.06749186
2017-06-19,9.399999999989234,47.40000000000242,0.05172677
2017-06-20,9.399999999989234,47.40000000000242,0.45006305
2017-06-21,9.399999999989234,47.40000000000242,0.5745263
2017-06-22,9.399999999989234,47.40000000000242,0.60373217
2017-06-23,9.399999999989234,47.40000000000242,0.7210396
2017-06-24,9.399999999989234,47.40000000000242,0.74508995
2017-06-25,9.399999999989234,47.40000000000242,0.7282937
2017-06-26,9.399999999989234,47.40000000000242,0.5265353
2017-06-27,9.399999999989234,47.40000000000242,0.864099
2017-06-28,9.399999999989234,47.40000000000242,0.9988732
2017-06-29,9.399999999989234,47.40000000000242,0.8734154
2017-06-30,9.399999999989234,47.40000000000242,0.55354035
2017-07-01,9.399999999989234,47.40000000000242,0.7807155
2017-07-02,9.399999999989234,47.40000000000242,1.0
2017-07-03,9.399999999989234,47.40000000000242,0.48861814
2017-07-04,9.399999999989234,47.40000000000242,0.111971304
2017-07-05,9.399999999989234,47.40000000000242,0.28146726
2017-07-06,9.399999999989234,47.40000000000242,0.3117042
2017-07-07,9.399999999989234,47.40000000000242,0.48223123
2017-07-08,9.399999999989234,47.40000000000242,0.62428486
2017-07-09,9.399999999989234,47.40000000000242,0.9824086
2017-07-10,9.399999999989234,47.40000000000242,0.78999174
2017-07-11,9.399999999989234,47.40000000000242,0.6831554
2017-07-12,9.399999999989234,47.40000000000242,0.6690554
2017-07-13,9.399999999989234,47.40000000000242,0.60758704
2017-07-14,9.399999999989234,47.40000000000242,0.6626319
2017-07-15,9.399999999989234,47.40000000000242,0.8434699
2017-07-16,9.399999999989234,47.40000000000242,0.2272129
2017-07-17,9.399999999989234,47.40000000000242,0.23070326
2017-07-18,9.399999999989234,47.40000000000242,0.74458355
2017-07-19,9.399999999989234,47.40000000000242,0.58206826
2017-07-20,9.399999999989234,47.40000000000242,0.83611375
2017-07-21,9.399999999989234,47.40000000000242,0.93034005
2017-07-22,9.399999999989234,47.40000000000242,0.78329116
2017-07-23,9.399999999989234,47.40000000000242,0.87918264
2017-07-24,9.399999999989234,47.40000000000242,0.8342117
2017-07-25,9.399999999989234,47.40000000000242,0.93668675
2017-07-26,9.399999999989234,47.40000000000242,0.8308815
2017-07-27,9.399999999989234,47.40000000000242,0.9618301
2017-07-28,9.399999999989234,47.40000000000242,0.6756457
2017-07-29,9.399999999989234,47.40000000000242,0.5244724
2017-07-30,9.399999999989234,47.40000000000242,0.66779405
2017-07-31,9.399999999989234,47.40000000000242,0.37742355
2017-08-01,9.399999999989234,47.40000000000242,0.63049966
2017-08-02,9.399999999989234,47.40000000000242,0.46449408
2017-08-03,9.399999999989234,47.40000000000242,0.5628448
2017-08-04,9.399999999989234,47.40000000000242,0.4979479
2017-08-05,9.399999999989234,47.40000000000242,0.68703455
2017-08-06,9.399999999989234,47.40000000000242,0.6437906
2017-08-07,9.399999999989234,47.40000000000242,0.16536447
2017-08-08,9.399999999989234,47.40000000000242,0.9577011
2017-08-09,9.399999999989234,47.40000000000242,0.9102709
2017-08-10,9.399999999989234,47.40000000000242,0.9288924
2017-08-11,9.399999999989234,47.40000000000242,0.9447558
2017-08-12,9.399999999989234,47.40000000000242,0.63342816
2017-08-13,9.399999999989234,47.40000000000242,0.3746862
2017-08-14,9.399999999989234,47.40000000000242,0.59740186
2017-08-15,9.399999999989234,47.40000000000242,0.6834412
2017-08-16,9.399999999989234,47.40000000000242,0.6206065
2017-08-17,9.399999999989234,47.40000000000242,0.5700831
2017-08-18,9.399999999989234,47.40000000000242,0.78151846
2017-08-19,9.399999999989234,47.40000000000242,0.63104105
2017-08-20,9.399999999989234,47.40000000000242,0.44859982
2017-08-21,9.399999999989234,47.40000000000242,0.53527325
2017-08-22,9.399999999989234,47.40000000000242,0.3600496
2017-08-23,9.399999999989234,47.40000000000242,0.2992153
2017-08-24,9.399999999989234,47.40000000000242,0.56736064
2017-08-25,9.399999999989234,47.40000000000242,0.32924053
2017-08-26,9.399999999989234,47.40000000000242,0.2220689
2017-08-27,9.399999999989234,47.40000000000242,0.544465
2017-08-28,9.399999999989234,47.40000000000242,0.34655744
2017-08-29,9.399999999989234,47.40000000000242,0.17545818
2017-08-30,9.399999999989234,47.40000000000242,0.8973453
2017-08-31,9.399999999989234,47.40000000000242,0.98671496
2017-09-01,9.399999999989234,47.40000000000242,0.97955906
2017-09-02,9.399999999989234,47.40000000000242,0.9827142
2017-09-03,9.399999999989234,47.40000000000242,0.6689273
2017-09-04,9.399999999989234,47.40000000000242,0.76797384
2017-09-05,9.399999999989234,47.40000000000242,0.5665759
2017-09-06,9.399999999989234,47.40000000000242,0.7327051
2017-09-07,9.399999999989234,47.40000000000242,0.72102785
2017-09-08,9.399999999989234,47.40000000000242,0.71593416
2017-09-09,9.399999999989234,47.40000000000242,0.92387927
2017-09-10,9.399999999989234,47.40000000000242,0.5177531
2017-09-11,9.399999999989234,47.40000000000242,0.69579655
2017-09-12,9.399999999989234,47.40000000000242,0.66349745
2017-09-13,9.399999999989234,47.40000000000242,0.5842271
2017-09-14,9.399999999989234,47.40000000000242,0.44263238
2017-09-15,9.399999999989234,47.40000000000242,0.44545218
2017-09-16,9.399999999989234,47.40000000000242,0.6888514
2017-09-17,9.399999999989234,47.40000000000242,0.80915374
2017-09-18,9.399999999989234,47.40000000000242,0.49749085
2017-09-19,9.399999999989234,47.40000000000242,0.91474736
2017-09-20,9.399999999989234,47.40000000000242,0.5917425
2017-09-21,9.399999999989234,47.40000000000242,0.29754636
2017-09-22,9.399999999989234,47.40000000000242,0.42346302
2017-09-23,9.399999999989234,47.40000000000242,0.7417348
2017-09-24,9.399999999989234,47.40000000000242,0.54039866
2017-09-25,9.399999999989234,47.40000000000242,0.3348763
2017-09-26,9.399999999989234,47.40000000000242,0.6501166
2017-09-27,9.399999999989234,47.40000000000242,0.5302366
2017-09-28,9.399999999989234,47.40000000000242,0.8835655
2017-09-29,9.399999999989234,47.40000000000242,0.70245403
2017-09-30,9.399999999989234,47.40000000000242,0.84956473
2017-10-01,9.399999999989234,47.40000000000242,0.7039075
2017-10-02,9.399999999989234,47.40000000000242,0.9480025
2017-10-03,9.399999999989234,47.40000000000242,0.70329875
2017-10-04,9.399999999989234,47.40000000000242,0.8226318
2017-10-05,9.399999999989234,47.40000000000242,0.4501346
2017-10-06,9.399999999989234,47.40000000000242,0.5556046
2017-10-07,9.399999999989234,47.40000000000242,0.8760003
2017-10-08,9.399999999989234,47.40000000000242,0.7942707
2017-10-09,9.399999999989234,47.40000000000242,0.76506484
2017-10-10,9.399999999989234,47.40000000000242,0.7262439
2017-10-11,9.399999999989234,47.40000000000242,0.15783949
2017-10-12,9.399999999989234,47.40000000000242,0.43899196
2017-10-13,9.399999999989234,47.40000000000242,0.16714457
2017-10-14,9.399999999989234,47.40000000000242,0.1452182
2017-10-15,9.399999999989234,47.40000000000242,0.23012817
2017-10-16,9.399999999989234,47.40000000000242,0.0
2017-10-17,9.399999999989234,47.40000000000242,0.6264894
2017-10-18,9.399999999989234,47.40000000000242,0.15254818
2017-10-19,9.399999999989234,47.40000000000242,0.23779343
2017-10-20,9.399999999989234,47.40000000000242,0.5557299
2017-10-21,9.399999999989234,47.40000000000242,0.8194157
2017-10-22,9.399999999989234,47.40000000000242,0.5290086
2017-10-23,9.399999999989234,47.40000000000242,0.81840986
2017-10-24,9.399999999989234,47.40000000000242,0.7971175
2017-10-25,9.399999999989234,47.40000000000242,0.5339159
2017-10-26,9.399999999989234,47.40000000000242,0.72496635
2017-10-27,9.399999999989234,47.40000000000242,0.5376684
2017-10-28,9.399999999989234,47.40000000000242,0.90343213
2017-10-29,9.399999999989234,47.40000000000242,0.8357407
2017-10-30,9.399999999989234,47.40000000000242,0.5363892
2017-10-31,9.399999999989234,47.40000000000242,0.17071244
2017-11-01,9.399999999989234,47.40000000000242,0.56701183
2017-11-02,9.399999999989234,47.40000000000242,0.91106087
2017-11-03,9.399999999989234,47.40000000000242,0.36391222
2017-11-04,9.399999999989234,47.40000000000242,0.85404086
2017-11-05,9.399999999989234,47.40000000000242,0.93619287
2017-11-06,9.399999999989234,47.40000000000242,0.9118072
2017-11-07,9.399999999989234,47.40000000000242,0.90185684
2017-11-08,9.399999999989234,47.40000000000242,0.9200812
2017-11-09,9.399999999989234,47.40000000000242,0.7513429
2017-11-10,9.399999999989234,47.40000000000242,0.85584354
2017-11-11,9.399999999989234,47.40000000000242,0.9328401
2017-11-12,9.399999999989234,47.40000000000242,0.8496823
2017-11-13,9.399999999989234,47.40000000000242,0.72831225
2017-11-14,9.399999999989234,47.40000000000242,0.73589045
2017-11-15,9.399999999989234,47.40000000000242,0.45619142
2017-11-16,9.399999999989234,47.40000000000242,0.6895166
2017-11-17,9.399999999989234,47.40000000000242,0.8496962
2017-11-18,9.399999999989234,47.40000000000242,0.86379623
2017-11-19,9.399999999989234,47.40000000000242,0.4847154
2017-11-20,9.399999999989234,47.40000000000242,0.858269
2017-11-21,9.399999999989234,47.40000000000242,0.5276494
2017-11-22,9.399999999989234,47.40000000000242,0.23551543
2017-11-23,9.399999999989234,47.40000000000242,0.46890247
2017-11-24,9.399999999989234,47.40000000000242,0.6578908
2017-11-25,9.399999999989234,47.40000000000242,0.86274254
2017-11-26,9.399999999989234,47.40000000000242,0.5403717
2017-11-27,9.399999999989234,47.40000000000242,0.8066919
2017-11-28,9.399999999989234,47.40000000000242,0.9142858
2017-11-29,9.399999999989234,47.40000000000242,0.82940114
2017-11-30,9.399999999989234,47.40000000000242,0.73793274
2017-12-01,9.399999999989234,47.40000000000242,0.80118984
2017-12-02,9.399999999989234,47.40000000000242,0.7503311
2017-12-03,9.399999999989234,47.40000000000242,0.8712675
2017-12-04,9.399999999989234,47.40000000000242,0.9066233
2017-12-05,9.399999999989234,47.40000000000242,0.45679426
2017-12-06,9.399999999989234,47.40000000000242,0.218911
2017-12-07,9.399999999989234,47.40000000000242,0.16456193
2017-12-08,9.399999999989234,47.40000000000242,0.88908345
2017-12-09,9.399999999989234,47.40000000000242,0.4295157
2017-12-10,9.399999999989234,47.40000000000242,0.90308505
2017-12-11,9.399999999989234,47.40000000000242,0.9223405
2017-12-12,9.399999999989234,47.40000000000242,0.57006806
2017-12-13,9.399999999989234,47.40000000000242,0.56045294
2017-12-14,9.399999999989234,47.40000000000242,0.90719813
2017-12-15,9.399999999989234,47.40000000000242,0.33214825
2017-12-16,9.399999999989234,47.40000000000242,0.83807856
2017-12-17,9.399999999989234,47.40000000000242,0.70639765
2017-12-18,9.399999999989234,47.40000000000242,0.84010416
2017-12-19,9.399999999989234,47.40000000000242,0.8248747
2017-12-20,9.399999999989234,47.40000000000242,0.59769946
2017-12-21,9.399999999989234,47.40000000000242,0.83618015
2017-12-22,9.399999999989234,47.40000000000242,0.92039436
2017-12-23,9.399999999989234,47.40000000000242,0.51031893
2017-12-24,9.399999999989234,47.40000000000242,0.36872426
2017-12-25,9.399999999989234,47.40000000000242,0.20438373
2017-12-26,9.399999999989234,47.40000000000242,0.5542222
2017-12-27,9.399999999989234,47.40000000000242,0.9250796
2017-12-28,9.399999999989234,47.40000000000242,0.7067253
2017-12-29,9.399999999989234,47.40000000000242,0.53110456
2017-12-30,9.399999999989234,47.40000000000242,0.914335
2017-12-31,9.399999999989234,47.40000000000242,0.31963262
2018-01-01,9.399999999989234,47.40000000000242,0.7142051
2018-01-02,9.399999999989234,47.40000000000242,0.80351293
2018-01-03,9.399999999989234,47.40000000000242,0.7980222
2018-01-04,9.399999999989234,47.40000000000242,0.9219899
2018-01-05,9.399999999989234,47.40000000000242,0.74843144
2018-01-06,9.399999999989234,47.40000000000242,0.5995573
2018-01-07,9.399999999989234,47.40000000000242,0.8188444
2018-01-08,9.399999999989234,47.40000000000242,0.68543655
2018-01-09,9.399999999989234,47.40000000000242,0.72422093
2018-01-10,9.399999999989234,47.40000000000242,0.7702848
2018-01-11,9.399999999989234,47.40000000000242,0.8189829
2018-01-12,9.399999999989234,47.40000000000242,0.8020884
2018-01-13,9.399999999989234,47.40000000000242,0.5129859
2018-01-14,9.399999999989234,47.40000000000242,0.5373967
2018-01-15,9.399999999989234,47.40000000000242,0.64423317
2018-01-16,9.399999999989234,47.40000000000242,0.8077795
2018-01-17,9.399999999989234,47.40000000000242,0.68983805
2018-01-18,9.399999999989234,47.40000000000242,0.89090073
2018-01-19,9.399999999989234,47.40000000000242,0.6760368
2018-01-20,9.399999999989234,47.40000000000242,0.85814273
2018-01-21,9.399999999989234,47.40000000000242,0.89898926
2018-01-22,9.399999999989234,47.40000000000242,0.89446783
2018-01-23,9.399999999989234,47.40000000000242,0.6837282
2018-01-24,9.399999999989234,47.40000000000242,0.6517644
2018-01-25,9.399999999989234,47.40000000000242,0.875114
2018-01-26,9.399999999989234,47.40000000000242,0.90971226
2018-01-27,9.399999999989234,47.40000000000242,0.8313493
2018-01-28,9.399999999989234,47.40000000000242,0.64226264
2018-01-29,9.399999999989234,47.40000000000242,0.6150572
2018-01-30,9.399999999989234,47.40000000000242,0.69748265
2018-01-31,9.399999999989234,47.40000000000242,0.50633377
2018-02-01,9.399999999989234,47.40000000000242,0.7537955
2018-02-02,9.399999999989234,47.40000000000242,0.4780354
2018-02-03,9.399999999989234,47.40000000000242,0.57186466
2018-02-04,9.399999999989234,47.40000000000242,0.63642627
2018-02-05,9.399999999989234,47.40000000000242,0.84361374
2018-02-06,9.399999999989234,47.40000000000242,0.8432166
2018-02-07,9.399999999989234,47.40000000000242,0.8534657
2018-02-08,9.399999999989234,47.40000000000242,0.83799934
2018-02-09,9.399999999989234,47.40000000000242,0.58801645
2018-02-10,9.399999999989234,47.40000000000242,0.75189817
2018-02-11,9.399999999989234,47.40000000000242,0.9086239
2018-02-12,9.399999999989234,47.40000000000242,0.577582
2018-02-13,9.399999999989234,47.40000000000242,0.2172724
2018-02-14,9.399999999989234,47.40000000000242,0.5348484
2018-02-15,9.399999999989234,47.40000000000242,0.95134723
2018-02-16,9.399999999989234,47.40000000000242,0.91519725
2018-02-17,9.399999999989234,47.40000000000242,0.94194376
2018-02-18,9.399999999989234,47.40000000000242,0.7584096
2018-02-19,9.399999999989234,47.40000000000242,0.91301143
2018-02-20,9.399999999989234,47.40000000000242,0.8500531
2018-02-21,9.399999999989234,47.40000000000242,0.7974056
2018-02-22,9.399999999989234,47.40000000000242,0.89942175
2018-02-23,9.399999999989234,47.40000000000242,0.8570852
2018-02-24,9.399999999989234,47.40000000000242,0.35900664
2018-02-25,9.399999999989234,47.40000000000242,0.1923052
2018-02-26,9.399999999989234,47.40000000000242,0.7531567
2018-02-27,9.399999999989234,47.40000000000242,0.7180379
2018-02-28,9.399999999989234,47.40000000000242,0.46226555
2018-03-01,9.399999999989234,47.40000000000242,0.74924403
2018-03-02,9.399999999989234,47.40000000000242,0.485223
2018-03-03,9.399999999989234,47.40000000000242,0.89347315
2018-03-04,9.399999999989234,47.40000000000242,0.55561066
2018-03-05,9.399999999989234,47.40000000000242,0.94420826
2018-03-06,9.399999999989234,47.40000000000242,0.88434315
2018-03-07,9.399999999989234,47.40000000000242,0.7568232
2018-03-08,9.399999999989234,47.40000000000242,0.42268795
2018-03-09,9.399999999989234,47.40000000000242,0.84261537
2018-03-10,9.399999999989234,47.40000000000242,0.7126361
2018-03-11,9.399999999989234,47.40000000000242,0.93362486
2018-03-12,9.399999999989234,47.40000000000242,0.7246487
2018-03-13,9.399999999989234,47.40000000000242,0.83382064
2018-03-14,9.399999999989234,47.40000000000242,0.4815229
2018-03-15,9.399999999989234,47.40000000000242,0.85917556
2018-03-16,9.399999999989234,47.40000000000242,0.57556385
2018-03-17,9.399999999989234,47.40000000000242,0.9780245
2018-03-18,9.399999999989234,47.40000000000242,0.9710803
2018-03-19,9.399999999989234,47.40000000000242,0.95182484
2018-03-20,9.399999999989234,47.40000000000242,0.88983583
2018-03-21,9.399999999989234,47.40000000000242,0.44473985
2018-03-22,9.399999999989234,47.40000000000242,0.75537163
2018-03-23,9.399999999989234,47.40000000000242,0.65466005
2018-03-24,9.399999999989234,47.40000000000242,0.004315241
2018-03-25,9.399999999989234,47.40000000000242,0.63361585
2018-03-26,9.399999999989234,47.40000000000242,0.81639236
2018-03-27,9.399999999989234,47.40000000000242,0.8311629
2018-03-28,9.399999999989234,47.40000000000242,0.9850689
2018-03-29,9.399999999989234,47.40000000000242,0.6977299
2018-03-30,9.399999999989234,47.40000000000242,0.8970038
2018-03-31,9.399999999989234,47.40000000000242,0.9684226
2018-04-01,9.399999999989234,47.40000000000242,0.50476706
2018-04-02,9.399999999989234,47.40000000000242,0.8164299
2018-04-03,9.399999999989234,47.40000000000242,0.63523144
2018-04-04,9.399999999989234,47.40000000000242,0.72257537
2018-04-05,9.399999999989234,47.40000000000242,0.40836617
2018-04-06,9.399999999989234,47.40000000000242,0.08287677
2018-04-07,9.399999999989234,47.40000000000242,0.02128479
2018-04-08,9.399999999989234,47.40000000000242,0.21786259
2018-04-09,9.399999999989234,47.40000000000242,0.9327437
2018-04-10,9.399999999989234,47.40000000000242,0.4690264
2018-04-11,9.399999999989234,47.40000000000242,0.6136526
2018-04-12,9.399999999989234,47.40000000000242,0.94014776
2018-04-13,9.399999999989234,47.40000000000242,0.5641349
2018-04-14,9.399999999989234,47.40000000000242,0.57924074
2018-04-15,9.399999999989234,47.40000000000242,0.8558465
2018-04-16,9.399999999989234,47.40000000000242,0.82318693
2018-04-17,9.399999999989234,47.40000000000242,0.1515863
2018-04-18,9.399999999989234,47.40000000000242,0.19619666
2018-04-19,9.399999999989234,47.40000000000242,0.0
2018-04-20,9.399999999989234,47.40000000000242,0.17245631
2018-04-21,9.399999999989234,47.40000000000242,0.045271613
2018-04-22,9.399999999989234,47.40000000000242,0.2868203
2018-04-23,9.399999999989234,47.40000000000242,0.7072066
2018-04-24,9.399999999989234,47.40000000000242,0.5620963
2018-04-25,9.399999999989234,47.40000000000242,0.5772021
2018-04-26,9.399999999989234,47.40000000000242,0.934233
2018-04-27,9.399999999989234,47.40000000000242,0.3926116
2018-04-28,9.399999999989234,47.40000000000242,0.68055934
2018-04-29,9.399999999989234,47.40000000000242,0.6348309
2018-04-30,9.399999999989234,47.40000000000242,0.61700356
2018-05-01,9.399999999989234,47.40000000000242,0.9967184
2018-05-02,9.399999999989234,47.40000000000242,1.0
2018-05-03,9.399999999989234,47.40000000000242,1.0
2018-05-04,9.399999999989234,47.40000000000242,0.8890992
2018-05-05,9.399999999989234,47.40000000000242,0.6608676
2018-05-06,9.399999999989234,47.40000000000242,0.29613495
2018-05-07,9.399999999989234,47.40000000000242,0.4391578
2018-05-08,9.399999999989234,47.40000000000242,0.065542445
2018-05-09,9.399999999989234,47.40000000000242,0.43603927
2018-05-10,9.399999999989234,47.40000000000242,0.9470998
2018-05-11,9.399999999989234,47.40000000000242,0.5219298
2018-05-12,9.399999999989234,47.40000000000242,0.45151696
2018-05-13,9.399999999989234,47.40000000000242,0.91268796
2018-05-14,9.399999999989234,47.40000000000242,1.0
2018-05-15,9.399999999989234,47.40000000000242,0.9192463
2018-05-16,9.399999999989234,47.40000000000242,1.0
2018-05-17,9.399999999989234,47.40000000000242,0.9779932
2018-05-18,9.399999999989234,47.40000000000242,0.50745535
2018-05-19,9.399999999989234,47.40000000000242,0.88762903
2018-05-20,9.399999999989234,47.40000000000242,0.8951202
2018-05-21,9.399999999989234,47.40000000000242,0.719536
2018-05-22,9.399999999989234,47.40000000000242,0.9460154
2018-05-23,9.399999999989234,47.40000000000242,0.72363514
2018-05-24,9.399999999989234,47.40000000000242,0.38404575
2018-05-25,9.399999999989234,47.40000000000242,0.38477808
2018-05-26,9.399999999989234,47.40000000000242,0.78551185
2018-05-27,9.399999999989234,47.40000000000242,0.9394797
2018-05-28,9.399999999989234,47.40000000000242,0.7752375
2018-05-29,9.399999999989234,47.40000000000242,0.58515626
2018-05-30,9.399999999989234,47.40000000000242,0.6597301
2018-05-31,9.399999999989234,47.40000000000242,0.82434404
2018-06-01,9.399999999989234,47.40000000000242,0.53327775
2018-06-02,9.399999999989234,47.40000000000242,0.43090105
2018-06-03,9.399999999989234,47.40000000000242,0.8498592
2018-06-04,9.399999999989234,47.40000000000242,0.842281
2018-06-05,9.399999999989234,47.40000000000242,0.65432376
2018-06-06,9.399999999989234,47.40000000000242,0.82169574
2018-06-07,9.399999999989234,47.40000000000242,0.9389413
2018-06-08,9.399999999989234,47.40000000000242,0.9948937
2018-06-09,9.399999999989234,47.40000000000242,0.6553661
2018-06-10,9.399999999989234,47.40000000000242,0.6179481
2018-06-11,9.399999999989234,47.40000000000242,0.8760561
2018-06-12,9.399999999989234,47.40000000000242,0.97267985
2018-06-13,9.399999999989234,47.40000000000242,1.0
2018-06-14,9.399999999989234,47.40000000000242,0.8788871
2018-06-15,9.399999999989234,47.40000000000242,0.6383443
2018-06-16,9.399999999989234,47.40000000000242,0.39121783
2018-06-17,9.399999999989234,47.40000000000242,0.8043865
2018-06-18,9.399999999989234,47.40000000000242,0.64696485
2018-06-19,9.399999999989234,47.40000000000242,0.42085725
2018-06-20,9.399999999989234,47.40000000000242,0.012880596
2018-06-21,9.399999999989234,47.40000000000242,0.52503395
2018-06-22,9.399999999989234,47.40000000000242,0.5274314
2018-06-23,9.399999999989234,47.40000000000242,0.58905995
2018-06-24,9.399999999989234,47.40000000000242,0.8853183
2018-06-25,9.399999999989234,47.40000000000242,0.64786863
2018-06-26,9.399999999989234,47.40000000000242,0.4791051
2018-06-27,9.399999999989234,47.40000000000242,0.261942
2018-06-28,9.399999999989234,47.40000000000242,0.8679247
2018-06-29,9.399999999989234,47.40000000000242,0.63832664
2018-06-30,9.399999999989234,47.40000000000242,0.1328553
2018-07-01,9.399999999989234,47.40000000000242,0.17855857
2018-07-02,9.399999999989234,47.40000000000242,0.6078276
2018-07-03,9.399999999989234,47.40000000000242,0.8134117
2018-07-04,9.399999999989234,47.40000000000242,0.55430925
2018-07-05,9.399999999989234,47.40000000000242,0.9805468
2018-07-06,9.399999999989234,47.40000000000242,0.9654157
2018-07-07,9.399999999989234,47.40000000000242,0.399744
2018-07-08,9.399999999989234,47.40000000000242,0.36341888
2018-07-09,9.399999999989234,47.40000000000242,0.48748505
2018-07-10,9.399999999989234,47.40000000000242,0.75596577
2018-07-11,9.399999999989234,47.40000000000242,0.7367721
2018-07-12,9.399999999989234,47.40000000000242,0.38550544
2018-07-13,9.399999999989234,47.40000000000242,0.29207328
2018-07-14,9.399999999989234,47.40000000000242,0.6244816
2018-07-15,9.399999999989234,47.40000000000242,0.67127776
2018-07-16,9.399999999989234,47.40000000000242,0.29526487
2018-07-17,9.399999999989234,47.40000000000242,0.4152685
2018-07-18,9.399999999989234,47.40000000000242,0.26306415
2018-07-19,9.399999999989234,47.40000000000242,0.2933629
2018-07-20,9.399999999989234,47.40000000000242,0.850549
2018-07-21,9.399999999989234,47.40000000000242,1.0
2018-07-22,9.399999999989234,47.40000000000242,0.7616382
2018-07-23,9.399999999989234,47.40000000000242,0.4316892
2018-07-24,9.399999999989234,47.40000000000242,0.067080185
2018-07-25,9.399999999989234,47.40000000000242,0.12418726
2018-07-26,9.399999999989234,47.40000000000242,0.10602471
2018-07-27,9.399999999989234,47.40000000000242,0.11633562
2018-07-28,9.399999999989234,47.40000000000242,0.82824713
2018-07-29,9.399999999989234,47.40000000000242,0.24607794
2018-07-30,9.399999999989234,47.40000000000242,0.16874614
2018-07-31,9.399999999989234,47.40000000000242,0.20420031
2018-08-01,9.399999999989234,47.40000000000242,0.70164496
2018-08-02,9.399999999989234,47.40000000000242,0.32839012
2018-08-03,9.399999999989234,47.40000000000242,0.22980247
2018-08-04,9.399999999989234,47.40000000000242,0.5020723
2018-08-05,9.399999999989234,47.40000000000242,0.5725835
2018-08-06,9.399999999989234,47.40000000000242,0.9489934
2018-08-07,9.399999999989234,47.40000000000242,0.7334955
2018-08-08,9.399999999989234,47.40000000000242,0.6854931
2018-08-09,9.399999999989234,47.40000000000242,0.73086107
2018-08-10,9.399999999989234,47.40000000000242,0.67111963
2018-08-11,9.399999999989234,47.40000000000242,0.43642807
2018-08-12,9.399999999989234,47.40000000000242,0.13644245
2018-08-13,9.399999999989234,47.40000000000242,0.8675476
2018-08-14,9.399999999989234,47.40000000000242,0.7231949
2018-08-15,9.399999999989234,47.40000000000242,0.41741985
2018-08-16,9.399999999989234,47.40000000000242,0.0050453576
2018-08-17,9.399999999989234,47.40000000000242,0.6474149
2018-08-18,9.399999999989234,47.40000000000242,0.6691296
2018-08-19,9.399999999989234,47.40000000000242,0.29696766
2018-08-20,9.399999999989234,47.40000000000242,0.23516402
2018-08-21,9.399999999989234,47.40000000000242,0.21254183
2018-08-22,9.399999999989234,47.40000000000242,0.53739727
2018-08-23,9.399999999989234,47.40000000000242,0.71371377
2018-08-24,9.399999999989234,47.40000000000242,0.8674081
2018-08-25,9.399999999989234,47.40000000000242,0.925211
2018-08-26,9.399999999989234,47.40000000000242,0.39219886
2018-08-27,9.399999999989234,47.40000000000242,0.51147014
2018-08-28,9.399999999989234,47.40000000000242,0.3362465
2018-08-29,9.399999999989234,47.40000000000242,0.82504535
2018-08-30,9.399999999989234,47.40000000000242,0.96745944
2018-08-31,9.399999999989234,47.40000000000242,0.9887771
2018-09-01,9.399999999989234,47.40000000000242,0.98574567
2018-09-02,9.399999999989234,47.40000000000242,0.867232
2018-09-03,9.399999999989234,47.40000000000242,0.78956497
2018-09-04,9.399999999989234,47.40000000000242,0.42462063
2018-09-05,9.399999999989234,47.40000000000242,0.30055445
2018-09-06,9.399999999989234,47.40000000000242,0.7471404
2018-09-07,9.399999999989234,47.40000000000242,0.6952506
2018-09-08,9.399999999989234,47.40000000000242,0.4591926
2018-09-09,9.399999999989234,47.40000000000242,0.21655098
2018-09-10,9.399999999989234,47.40000000000242,0.6383908
2018-09-11,9.399999999989234,47.40000000000242,0.2648006
2018-09-12,9.399999999989234,47.40000000000242,0.40056932
2018-09-13,9.399999999989234,47.40000000000242,0.617222
2018-09-14,9.399999999989234,47.40000000000242,0.63544637
2018-09-15,9.399999999989234,47.40000000000242,0.5207218
2018-09-16,9.399999999989234,47.40000000000242,0.50222397
2018-09-17,9.399999999989234,47.40000000000242,0.06573733
2018-09-18,9.399999999989234,47.40000000000242,0.28611726
2018-09-19,9.399999999989234,47.40000000000242,0.12493185
2018-09-20,9.399999999989234,47.40000000000242,0.0
2018-09-21,9.399999999989234,47.40000000000242,0.74503976
2018-09-22,9.399999999989234,47.40000000000242,0.9039513
2018-09-23,9.399999999989234,47.40000000000242,0.687087
2018-09-24,9.399999999989234,47.40000000000242,0.42904082
2018-09-25,9.399999999989234,47.40000000000242,0.04101545
2018-09-26,9.399999999989234,47.40000000000242,0.46658245
2018-09-27,9.399999999989234,47.40000000000242,0.075525604
2018-09-28,9.399999999989234,47.40000000000242,0.35977137
2018-09-29,9.399999999989234,47.40000000000242,0.44365025
2018-09-30,9.399999999989234,47.40000000000242,0.37938735
2018-10-01,9.399999999989234,47.40000000000242,0.88641053
2018-10-02,9.399999999989234,47.40000000000242,0.84592456
2018-10-03,9.399999999989234,47.40000000000242,0.74454236
2018-10-04,9.399999999989234,47.40000000000242,0.14314301
2018-10-05,9.399999999989234,47.40000000000242,0.35939857
2018-10-06,9.399999999989234,47.40000000000242,0.52673405
2018-10-07,9.399999999989234,47.40000000000242,0.13773935
2018-10-08,9.399999999989234,47.40000000000242,0.4715393
2018-10-09,9.399999999989234,47.40000000000242,0.40830746
2018-10-10,9.399999999989234,47.40000000000242,0.12511805
2018-10-11,9.399999999989234,47.40000000000242,0.5444985
2018-10-12,9.399999999989234,47.40000000000242,0.1255404
2018-10-13,9.399999999989234,47.40000000000242,0.18776639
2018-10-14,9.399999999989234,47.40000000000242,0.07613512
2018-10-15,9.399999999989234,47.40000000000242,0.0
2018-10-16,9.399999999989234,47.40000000000242,0.17514509
2018-10-17,9.399999999989234,47.40000000000242,0.4460485
2018-10-18,9.399999999989234,47.40000000000242,0.7918244
2018-10-19,9.399999999989234,47.40000000000242,0.4419494
2018-10-20,9.399999999989234,47.40000000000242,0.6330617
2018-10-21,9.399999999989234,47.40000000000242,0.32346106
2018-10-22,9.399999999989234,47.40000000000242,0.15575378
2018-10-23,9.399999999989234,47.40000000000242,0.79057044
2018-10-24,9.399999999989234,47.40000000000242,0.8847602
2018-10-25,9.399999999989234,47.40000000000242,0.3452263
2018-10-26,9.399999999989234,47.40000000000242,0.6125775
2018-10-27,9.399999999989234,47.40000000000242,0.94185597
2018-10-28,9.399999999989234,47.40000000000242,0.92714727
2018-10-29,9.399999999989234,47.40000000000242,0.8120256
2018-10-30,9.399999999989234,47.40000000000242,0.63846713
2018-10-31,9.399999999989234,47.40000000000242,0.9110356
2018-11-01,9.399999999989234,47.40000000000242,0.523706
2018-11-02,9.399999999989234,47.40000000000242,0.9069365
2018-11-03,9.399999999989234,47.40000000000242,0.4989851
2018-11-04,9.399999999989234,47.40000000000242,0.7808334
2018-11-05,9.399999999989234,47.40000000000242,0.30000985
2018-11-06,9.399999999989234,47.40000000000242,0.7128067
2018-11-07,9.399999999989234,47.40000000000242,0.5708767
2018-11-08,9.399999999989234,47.40000000000242,0.8912107
2018-11-09,9.399999999989234,47.40000000000242,0.73896974
2018-11-10,9.399999999989234,47.40000000000242,0.7981025
2018-11-11,9.399999999989234,47.40000000000242,0.42141908
2018-11-12,9.399999999989234,47.40000000000242,0.39394015
2018-11-13,9.399999999989234,47.40000000000242,0.8035819
2018-11-14,9.399999999989234,47.40000000000242,0.7111443
2018-11-15,9.399999999989234,47.40000000000242,0.7283994
2018-11-16,9.399999999989234,47.40000000000242,0.47608086
2018-11-17,9.399999999989234,47.40000000000242,0.32383996
2018-11-18,9.399999999989234,47.40000000000242,0.64520496
2018-11-19,9.399999999989234,47.40000000000242,0.7280528
2018-11-20,9.399999999989234,47.40000000000242,0.26745397
2018-11-21,9.399999999989234,47.40000000000242,0.841101
2018-11-22,9.399999999989234,47.40000000000242,0.5231897
2018-11-23,9.399999999989234,47.40000000000242,0.85453045
2018-11-24,9.399999999989234,47.40000000000242,0.7393469
2018-11-25,9.399999999989234,47.40000000000242,0.7616957
2018-11-26,9.399999999989234,47.40000000000242,0.9084711
2018-11-27,9.399999999989234,47.40000000000242,0.8139095
2018-11-28,9.399999999989234,47.40000000000242,0.83901626
2018-11-29,9.399999999989234,47.40000000000242,0.87270695
2018-11-30,9.399999999989234,47.40000000000242,0.87713003
2018-12-01,9.399999999989234,47.40000000000242,0.70839167
2018-12-02,9.399999999989234,47.40000000000242,0.9111813
2018-12-03,9.399999999989234,47.40000000000242,0.8083709
2018-12-04,9.399999999989234,47.40000000000242,0.8251671
2018-12-05,9.399999999989234,47.40000000000242,0.8599507
2018-12-06,9.399999999989234,47.40000000000242,0.8643738
2018-12-07,9.399999999989234,47.40000000000242,0.6502057
2018-12-08,9.399999999989234,47.40000000000242,0.74988616
2018-12-09,9.399999999989234,47.40000000000242,0.84401417
2018-12-10,9.399999999989234,47.40000000000242,0.5999444
2018-12-11,9.399999999989234,47.40000000000242,0.42638585
2018-12-12,9.399999999989234,47.40000000000242,0.31332645
2018-12-13,9.399999999989234,47.40000000000242,0.2098821
2018-12-14,9.399999999989234,47.40000000000242,0.4772333
2018-12-15,9.399999999989234,47.40000000000242,0.70024765
2018-12-16,9.399999999989234,47.40000000000242,0.9061305
2018-12-17,9.399999999989234,47.40000000000242,0.71980184
2018-12-18,9.399999999989234,47.40000000000242,0.7596791
2018-12-19,9.399999999989234,47.40000000000242,0.9032376
2018-12-20,9.399999999989234,47.40000000000242,0.60079277
2018-12-21,9.399999999989234,47.40000000000242,0.9238229
2018-12-22,9.399999999989234,47.40000000000242,0.90595907
2018-12-23,9.399999999989234,47.40000000000242,0.9155376
2018-12-24,9.399999999989234,47.40000000000242,0.7192951
2018-12-25,9.399999999989234,47.40000000000242,0.53742605
2018-12-26,9.399999999989234,47.40000000000242,0.3108848
2018-12-27,9.399999999989234,47.40000000000242,0.5827575
2018-12-28,9.399999999989234,47.40000000000242,0.32006627
2018-12-29,9.399999999989234,47.40000000000242,0.52801126
2018-12-30,9.399999999989234,47.40000000000242,0.91949046
2018-12-31,9.399999999989234,47.40000000000242,0.85786194
2019-01-01,9.399999999989234,47.40000000000242,0.73895127
2019-01-02,9.399999999989234,47.40000000000242,0.49831003
2019-01-03,9.399999999989234,47.40000000000242,0.7103794
2019-01-04,9.399999999989234,47.40000000000242,0.8456893
2019-01-05,9.399999999989234,47.40000000000242,0.92577904
2019-01-06,9.399999999989234,47.40000000000242,0.9171332
2019-01-07,9.399999999989234,47.40000000000242,0.8734921
2019-01-08,9.399999999989234,47.40000000000242,0.8184473
2019-01-09,9.399999999989234,47.40000000000242,0.9108484
2019-01-10,9.399999999989234,47.40000000000242,0.86926943
2019-01-11,9.399999999989234,47.40000000000242,0.9138432
2019-01-12,9.399999999989234,47.40000000000242,0.90416634
2019-01-13,9.399999999989234,47.40000000000242,0.92851543
2019-01-14,9.399999999989234,47.40000000000242,0.69618475
2019-01-15,9.399999999989234,47.40000000000242,0.36686972
2019-01-16,9.399999999989234,47.40000000000242,0.59846807
2019-01-17,9.399999999989234,47.40000000000242,0.63209695
2019-01-18,9.399999999989234,47.40000000000242,0.6145684
2019-01-19,9.399999999989234,47.40000000000242,0.6853166
2019-01-20,9.399999999989234,47.40000000000242,0.8303033
2019-01-21,9.399999999989234,47.40000000000242,0.7175173
2019-01-22,9.399999999989234,47.40000000000242,0.55730116
2019-01-23,9.399999999989234,47.40000000000242,0.75899786
2019-01-24,9.399999999989234,47.40000000000242,0.8188011
2019-01-25,9.399999999989234,47.40000000000242,0.7235437
2019-01-26,9.399999999989234,47.40000000000242,0.88909036
2019-01-27,9.399999999989234,47.40000000000242,0.71586716
2019-01-28,9.399999999989234,47.40000000000242,0.81754804
2019-01-29,9.399999999989234,47.40000000000242,0.59752864
2019-01-30,9.399999999989234,47.40000000000242,0.56240976
2019-01-31,9.399999999989234,47.40000000000242,0.7991635
2019-02-01,9.399999999989234,47.40000000000242,0.93526745
2019-02-02,9.399999999989234,47.40000000000242,0.92552876
2019-02-03,9.399999999989234,47.40000000000242,0.92655987
2019-02-04,9.399999999989234,47.40000000000242,0.67560774
2019-02-05,9.399999999989234,47.40000000000242,0.3981825
2019-02-06,9.399999999989234,47.40000000000242,0.5658532
2019-02-07,9.399999999989234,47.40000000000242,0.8297506
2019-02-08,9.399999999989234,47.40000000000242,0.7018954
2019-02-09,9.399999999989234,47.40000000000242,0.8633177
2019-02-10,9.399999999989234,47.40000000000242,0.78695524
2019-02-11,9.399999999989234,47.40000000000242,0.5642396
2019-02-12,9.399999999989234,47.40000000000242,0.64872724
2019-02-13,9.399999999989234,47.40000000000242,0.0
2019-02-14,9.399999999989234,47.40000000000242,0.104883514
2019-02-15,9.399999999989234,47.40000000000242,0.0
2019-02-16,9.399999999989234,47.40000000000242,0.0
2019-02-17,9.399999999989234,47.40000000000242,0.0
2019-02-18,9.399999999989234,47.40000000000242,0.0
2019-02-19,9.399999999989234,47.40000000000242,0.14794208
2019-02-20,9.399999999989234,47.40000000000242,0.37265804
2019-02-21,9.399999999989234,47.40000000000242,0.13956973
2019-02-22,9.399999999989234,47.40000000000242,0.74991363
2019-02-23,9.399999999989234,47.40000000000242,0.44568005
2019-02-24,9.399999999989234,47.40000000000242,0.0
2019-02-25,9.399999999989234,47.40000000000242,0.0
2019-02-26,9.399999999989234,47.40000000000242,0.32834736
2019-02-27,9.399999999989234,47.40000000000242,0.08804141
2019-02-28,9.399999999989234,47.40000000000242,0.1426274
2019-03-01,9.399999999989234,47.40000000000242,0.9399958
2019-03-02,9.399999999989234,47.40000000000242,0.815172
2019-03-03,9.399999999989234,47.40000000000242,0.76355565
2019-03-04,9.399999999989234,47.40000000000242,0.44115958
2019-03-05,9.399999999989234,47.40000000000242,0.6616894
2019-03-06,9.399999999989234,47.40000000000242,0.757519
2019-03-07,9.399999999989234,47.40000000000242,0.60628396
2019-03-08,9.399999999989234,47.40000000000242,0.7856319
2019-03-09,9.399999999989234,47.40000000000242,0.96325296
2019-03-10,9.399999999989234,47.40000000000242,0.6940765
2019-03-11,9.399999999989234,47.40000000000242,0.69544286
2019-03-12,9.399999999989234,47.40000000000242,0.69680923
2019-03-13,9.399999999989234,47.40000000000242,0.71008974
2019-03-14,9.399999999989234,47.40000000000242,0.9465448
2019-03-15,9.399999999989234,47.40000000000242,0.977751
2019-03-16,9.399999999989234,47.40000000000242,0.35594147
2019-03-17,9.399999999989234,47.40000000000242,0.74293584
2019-03-18,9.399999999989234,47.40000000000242,0.3678922
2019-03-19,9.399999999989234,47.40000000000242,0.26408735
2019-03-20,9.399999999989234,47.40000000000242,0.0
2019-03-21,9.399999999989234,47.40000000000242,0.0
2019-03-22,9.399999999989234,47.40000000000242,0.121250845
2019-03-23,9.399999999989234,47.40000000000242,0.0
2019-03-24,9.399999999989234,47.40000000000242,0.09298905
2019-03-25,9.399999999989234,47.40000000000242,0.70269895
2019-03-26,9.399999999989234,47.40000000000242,0.7545269
2019-03-27,9.399999999989234,47.40000000000242,0.37026536
2019-03-28,9.399999999989234,47.40000000000242,0.123077065
2019-03-29,9.399999999989234,47.40000000000242,0.0
2019-03-30,9.399999999989234,47.40000000000242,0.0
2019-03-31,9.399999999989234,47.40000000000242,0.053845108
2019-04-01,9.399999999989234,47.40000000000242,0.23462124
2019-04-02,9.399999999989234,47.40000000000242,0.794777
2019-04-03,9.399999999989234,47.40000000000242,0.82392097
2019-04-04,9.399999999989234,47.40000000000242,0.99169004
2019-04-05,9.399999999989234,47.40000000000242,0.7754345
2019-04-06,9.399999999989234,47.40000000000242,0.75617903
2019-04-07,9.399999999989234,47.40000000000242,0.7213954
2019-04-08,9.399999999989234,47.40000000000242,0.9241597
2019-04-09,9.399999999989234,47.40000000000242,0.9502723
2019-04-10,9.399999999989234,47.40000000000242,0.9639499
2019-04-11,9.399999999989234,47.40000000000242,0.93432176
2019-04-12,9.399999999989234,47.40000000000242,0.6916549
2019-04-13,9.399999999989234,47.40000000000242,0.6084718
2019-04-14,9.399999999989234,47.40000000000242,0.93702924
2019-04-15,9.399999999989234,47.40000000000242,0.44237915
2019-04-16,9.399999999989234,47.40000000000242,0.6540881
2019-04-17,9.399999999989234,47.40000000000242,0.329965
2019-04-18,9.399999999989234,47.40000000000242,0.18794793
2019-04-19,9.399999999989234,47.40000000000242,0.056638874
2019-04-20,9.399999999989234,47.40000000000242,0.03325906
2019-04-21,9.399999999989234,47.40000000000242,0.3700652
2019-04-22,9.399999999989234,47.40000000000242,0.47138554
2019-04-23,9.399999999989234,47.40000000000242,0.86393243
2019-04-24,9.399999999989234,47.40000000000242,0.5074485
2019-04-25,9.399999999989234,47.40000000000242,0.36995286
2019-04-26,9.399999999989234,47.40000000000242,0.87236756
2019-04-27,9.399999999989234,47.40000000000242,0.83494955
2019-04-28,9.399999999989234,47.40000000000242,0.80532134
2019-04-29,9.399999999989234,47.40000000000242,0.97818404
2019-04-30,9.399999999989234,47.40000000000242,0.86137205
2019-05-01,9.399999999989234,47.40000000000242,0.19452983
2019-05-02,9.399999999989234,47.40000000000242,0.72414994
2019-05-03,9.399999999989234,47.40000000000242,0.8681421
2019-05-04,9.399999999989234,47.40000000000242,0.86950845
2019-05-05,9.399999999989234,47.40000000000242,0.8866765
2019-05-06,9.399999999989234,47.40000000000242,0.6353638
2019-05-07,9.399999999989234,47.40000000000242,0.8289101
2019-05-08,9.399999999989234,47.40000000000242,0.95640486
2019-05-09,9.399999999989234,47.40000000000242,0.7113405
2019-05-10,9.399999999989234,47.40000000000242,0.7872807
2019-05-11,9.399999999989234,47.40000000000242,0.96942323
2019-05-12,9.399999999989234,47.40000000000242,0.8691087
2019-05-13,9.399999999989234,47.40000000000242,0.48787856
2019-05-14,9.399999999989234,47.40000000000242,0.39162663
2019-05-15,9.399999999989234,47.40000000000242,0.699624
2019-05-16,9.399999999989234,47.40000000000242,0.65865386
2019-05-17,9.399999999989234,47.40000000000242,0.86869764
2019-05-18,9.399999999989234,47.40000000000242,0.9776327
2019-05-19,9.399999999989234,47.40000000000242,0.94021475
2019-05-20,9.399999999989234,47.40000000000242,1.0
2019-05-21,9.399999999989234,47.40000000000242,1.0
2019-05-22,9.399999999989234,47.40000000000242,0.7181444
2019-05-23,9.399999999989234,47.40000000000242,0.24933338
2019-05-24,9.399999999989234,47.40000000000242,0.5304606
2019-05-25,9.399999999989234,47.40000000000242,0.9312562
2019-05-26,9.399999999989234,47.40000000000242,0.52773917
2019-05-27,9.399999999989234,47.40000000000242,0.99103415
2019-05-28,9.399999999989234,47.40000000000242,1.0
2019-05-29,9.399999999989234,47.40000000000242,0.7954987
2019-05-30,9.399999999989234,47.40000000000242,0.59167814
2019-05-31,9.399999999989234,47.40000000000242,0.21496943
2019-06-01,9.399999999989234,47.40000000000242,0.24147907
2019-06-02,9.399999999989234,47.40000000000242,0.03186892
2019-06-03,9.399999999989234,47.40000000000242,0.46216905
2019-06-04,9.399999999989234,47.40000000000242,0.18135181
2019-06-05,9.399999999989234,47.40000000000242,0.22538999
2019-06-06,9.399999999989234,47.40000000000242,0.904183
2019-06-07,9.399999999989234,47.40000000000242,0.560531
2019-06-08,9.399999999989234,47.40000000000242,0.43604252
2019-06-09,9.399999999989234,47.40000000000242,0.994595
2019-06-10,9.399999999989234,47.40000000000242,1.0
2019-06-11,9.399999999989234,47.40000000000242,0.977103
2019-06-12,9.399999999989234,47.40000000000242,0.7716172
2019-06-13,9.399999999989234,47.40000000000242,0.37331742
2019-06-14,9.399999999989234,47.40000000000242,0.60152376
2019-06-15,9.399999999989234,47.40000000000242,0.91364557
2019-06-16,9.399999999989234,47.40000000000242,0.5262907
2019-06-17,9.399999999989234,47.40000000000242,0.43525597
2019-06-18,9.399999999989234,47.40000000000242,0.48199034
2019-06-19,9.399999999989234,47.40000000000242,0.5518058
2019-06-20,9.399999999989234,47.40000000000242,0.7851676
2019-06-21,9.399999999989234,47.40000000000242,0.96530974
2019-06-22,9.399999999989234,47.40000000000242,1.0
2019-06-23,9.399999999989234,47.40000000000242,0.47460887
2019-06-24,9.399999999989234,47.40000000000242,0.3924569
2019-06-25,9.399999999989234,47.40000000000242,0.16016276
2019-06-26,9.399999999989234,47.40000000000242,0.048109137
2019-06-27,9.399999999989234,47.40000000000242,0.1846102
2019-06-28,9.399999999989234,47.40000000000242,0.012119323
2019-06-29,9.399999999989234,47.40000000000242,0.0
2019-06-30,9.399999999989234,47.40000000000242,0.4112498
2019-07-01,9.399999999989234,47.40000000000242,0.74875176
2019-07-02,9.399999999989234,47.40000000000242,0.8109525
2019-07-03,9.399999999989234,47.40000000000242,0.873215
2019-07-04,9.399999999989234,47.40000000000242,0.1459973
2019-07-05,9.399999999989234,47.40000000000242,0.19279347
2019-07-06,9.399999999989234,47.40000000000242,0.5962852
2019-07-07,9.399999999989234,47.40000000000242,0.7039158
2019-07-08,9.399999999989234,47.40000000000242,0.7232696
2019-07-09,9.399999999989234,47.40000000000242,0.32147944
2019-07-10,9.399999999989234,47.40000000000242,0.24454473
2019-07-11,9.399999999989234,47.40000000000242,0.81204176
2019-07-12,9.399999999989234,47.40000000000242,0.7298897
2019-07-13,9.399999999989234,47.40000000000242,0.4993225
2019-07-14,9.399999999989234,47.40000000000242,0.52962124
2019-07-15,9.399999999989234,47.40000000000242,0.67230886
2019-07-16,9.399999999989234,47.40000000000242,0.3932185
2019-07-17,9.399999999989234,47.40000000000242,0.5194087
2019-07-18,9.399999999989234,47.40000000000242,0.8033557
2019-07-19,9.399999999989234,47.40000000000242,0.6511514
2019-07-20,9.399999999989234,47.40000000000242,0.7433155
2019-07-21,9.399999999989234,47.40000000000242,0.69525135
2019-07-22,9.399999999989234,47.40000000000242,0.8430944
2019-07-23,9.399999999989234,47.40000000000242,0.3327045
2019-07-24,9.399999999989234,47.40000000000242,0.5022005
2019-07-25,9.399999999989234,47.40000000000242,0.7820232
2019-07-26,9.399999999989234,47.40000000000242,0.91336876
2019-07-27,9.399999999989234,47.40000000000242,1.0
2019-07-28,9.399999999989234,47.40000000000242,1.0
2019-07-29,9.399999999989234,47.40000000000242,0.8234888
2019-07-30,9.399999999989234,47.40000000000242,0.49560192
2019-07-31,9.399999999989234,47.40000000000242,0.75583386
2019-08-01,9.399999999989234,47.40000000000242,0.67277443
2019-08-02,9.399999999989234,47.40000000000242,0.5933804
2019-08-03,9.399999999989234,47.40000000000242,0.6319279
2019-08-04,9.399999999989234,47.40000000000242,0.42370933
2019-08-05,9.399999999989234,47.40000000000242,0.5086559
2019-08-06,9.399999999989234,47.40000000000242,0.9417758
2019-08-07,9.399999999989234,47.40000000000242,0.92527837
2019-08-08,9.399999999989234,47.40000000000242,0.4710262
2019-08-09,9.399999999989234,47.40000000000242,0.74220306
2019-08-10,9.399999999989234,47.40000000000242,0.686586
2019-08-11,9.399999999989234,47.40000000000242,0.68079656
2019-08-12,9.399999999989234,47.40000000000242,0.87779665
2019-08-13,9.399999999989234,47.40000000000242,0.74175453
2019-08-14,9.399999999989234,47.40000000000242,0.21589825
2019-08-15,9.399999999989234,47.40000000000242,0.8216074
2019-08-16,9.399999999989234,47.40000000000242,0.56183434
2019-08-17,9.399999999989234,47.40000000000242,0.7030938
2019-08-18,9.399999999989234,47.40000000000242,0.3567091
2019-08-19,9.399999999989234,47.40000000000242,0.9578968
2019-08-20,9.399999999989234,47.40000000000242,0.94249225
2019-08-21,9.399999999989234,47.40000000000242,0.7744863
2019-08-22,9.399999999989234,47.40000000000242,0.77867246
2019-08-23,9.399999999989234,47.40000000000242,0.75186414
2019-08-24,9.399999999989234,47.40000000000242,0.47043815
2019-08-25,9.399999999989234,47.40000000000242,0.19519873
2019-08-26,9.399999999989234,47.40000000000242,0.15504801
2019-08-27,9.399999999989234,47.40000000000242,0.4825996
2019-08-28,9.399999999989234,47.40000000000242,0.7229056
2019-08-29,9.399999999989234,47.40000000000242,0.6817237
2019-08-30,9.399999999989234,47.40000000000242,0.26941103
2019-08-31,9.399999999989234,47.40000000000242,0.5247863
2019-09-01,9.399999999989234,47.40000000000242,0.76303005
2019-09-02,9.399999999989234,47.40000000000242,0.8754808
2019-09-03,9.399999999989234,47.40000000000242,0.09770305
2019-09-04,9.399999999989234,47.40000000000242,0.030743966
2019-09-05,9.399999999989234,47.40000000000242,0.8820896
2019-09-06,9.399999999989234,47.40000000000242,0.98222905
2019-09-07,9.399999999989234,47.40000000000242,0.847852
2019-09-08,9.399999999989234,47.40000000000242,0.97370684
2019-09-09,9.399999999989234,47.40000000000242,0.81252146
2019-09-10,9.399999999989234,47.40000000000242,0.7878989
2019-09-11,9.399999999989234,47.40000000000242,0.6566151
2019-09-12,9.399999999989234,47.40000000000242,0.109801725
2019-09-13,9.399999999989234,47.40000000000242,0.19963025
2019-09-14,9.399999999989234,47.40000000000242,0.5993582
2019-09-15,9.399999999989234,47.40000000000242,0.08560151
2019-09-16,9.399999999989234,47.40000000000242,0.43829635
2019-09-17,9.399999999989234,47.40000000000242,0.4750803
2019-09-18,9.399999999989234,47.40000000000242,0.47583798
2019-09-19,9.399999999989234,47.40000000000242,0.18782838
2019-09-20,9.399999999989234,47.40000000000242,0.15352893
2019-09-21,9.399999999989234,47.40000000000242,0.30476397
2019-09-22,9.399999999989234,47.40000000000242,0.71010625
2019-09-23,9.399999999989234,47.40000000000242,0.7468903
2019-09-24,9.399999999989234,47.40000000000242,0.80642
2019-09-25,9.399999999989234,47.40000000000242,0.56171626
2019-09-26,9.399999999989234,47.40000000000242,0.9481018
2019-09-27,9.399999999989234,47.40000000000242,0.9127713
2019-09-28,9.399999999989234,47.40000000000242,0.5793937
2019-09-29,9.399999999989234,47.40000000000242,0.31579503
2019-09-30,9.399999999989234,47.40000000000242,0.57013917
2019-10-01,9.399999999989234,47.40000000000242,0.516249
2019-10-02,9.399999999989234,47.40000000000242,0.7541575
2019-10-03,9.399999999989234,47.40000000000242,0.6826769
2019-10-04,9.399999999989234,47.40000000000242,0.87521744
2019-10-05,9.399999999989234,47.40000000000242,0.9038145
2019-10-06,9.399999999989234,47.40000000000242,0.87730485
2019-10-07,9.399999999989234,47.40000000000242,0.58729494
2019-10-08,9.399999999989234,47.40000000000242,0.6457936
2019-10-09,9.399999999989234,47.40000000000242,0.75784725
2019-10-10,9.399999999989234,47.40000000000242,0.37154874
2019-10-11,9.399999999989234,47.40000000000242,0.019673333
2019-10-12,9.399999999989234,47.40000000000242,0.40702817
2019-10-13,9.399999999989234,47.40000000000242,0.10424804
2019-10-14,9.399999999989234,47.40000000000242,0.0452024
2019-10-15,9.399999999989234,47.40000000000242,0.875591
2019-10-16,9.399999999989234,47.40000000000242,0.2627878
2019-10-17,9.399999999989234,47.40000000000242,0.73887825
2019-10-18,9.399999999989234,47.40000000000242,0.88152933
2019-10-19,9.399999999989234,47.40000000000242,0.83067065
2019-10-20,9.399999999989234,47.40000000000242,0.8155648
2019-10-21,9.399999999989234,47.40000000000242,0.9194315
2019-10-22,9.399999999989234,47.40000000000242,0.7867813
2019-10-23,9.399999999989234,47.40000000000242,0.70602095
2019-10-24,9.399999999989234,47.40000000000242,0.9425013
2019-10-25,9.399999999989234,47.40000000000242,0.3802834
2019-10-26,9.399999999989234,47.40000000000242,0.27025536
2019-10-27,9.399999999989234,47.40000000000242,0.70986056
2019-10-28,9.399999999989234,47.40000000000242,0.93952036
2019-10-29,9.399999999989234,47.40000000000242,0.9398809
2019-10-30,9.399999999989234,47.40000000000242,0.93954563
2019-10-31,9.399999999989234,47.40000000000242,0.8440147
2019-11-01,9.399999999989234,47.40000000000242,0.9175827
2019-11-02,9.399999999989234,47.40000000000242,0.84094673
2019-11-03,9.399999999989234,47.40000000000242,0.8650223
2019-11-04,9.399999999989234,47.40000000000242,0.60864127
2019-11-05,9.399999999989234,47.40000000000242,0.8433947
2019-11-06,9.399999999989234,47.40000000000242,0.56845397
2019-11-07,9.399999999989234,47.40000000000242,0.77812594
2019-11-08,9.399999999989234,47.40000000000242,0.9272988
2019-11-09,9.399999999989234,47.40000000000242,0.43789127
2019-11-10,9.399999999989234,47.40000000000242,0.65168756
2019-11-11,9.399999999989234,47.40000000000242,0.852415
2019-11-12,9.399999999989234,47.40000000000242,0.86205536
2019-11-13,9.399999999989234,47.40000000000242,0.39114562
2019-11-14,9.399999999989234,47.40000000000242,0.8276575
2019-11-15,9.399999999989234,47.40000000000242,0.90987134
2019-11-16,9.399999999989234,47.40000000000242,0.7895324
2019-11-17,9.399999999989234,47.40000000000242,0.82598114
2019-11-18,9.399999999989234,47.40000000000242,0.747283
2019-11-19,9.399999999989234,47.40000000000242,0.78785604
2019-11-20,9.399999999989234,47.40000000000242,0.6273047
2019-11-21,9.399999999989234,47.40000000000242,0.534867
2019-11-22,9.399999999989234,47.40000000000242,0.5510292
2019-11-23,9.399999999989234,47.40000000000242,0.8875253
2019-11-24,9.399999999989234,47.40000000000242,0.9187568
2019-11-25,9.399999999989234,47.40000000000242,0.8080948
2019-11-26,9.399999999989234,47.40000000000242,0.84763676
2019-11-27,9.399999999989234,47.40000000000242,0.66130805
2019-11-28,9.399999999989234,47.40000000000242,0.7420937
2019-11-29,9.399999999989234,47.40000000000242,0.8871422
2019-11-30,9.399999999989234,47.40000000000242,0.6430724
2019-12-01,9.399999999989234,47.40000000000242,0.9135787
2019-12-02,9.399999999989234,47.40000000000242,0.7812638
2019-12-03,9.399999999989234,47.40000000000242,0.21549374
2019-12-04,9.399999999989234,47.40000000000242,0.31993264
2019-12-05,9.399999999989234,47.40000000000242,0.064979754
2019-12-06,9.399999999989234,47.40000000000242,0.34573516
2019-12-07,9.399999999989234,47.40000000000242,0.7759988
2019-12-08,9.399999999989234,47.40000000000242,0.8323735
2019-12-09,9.399999999989234,47.40000000000242,0.82545453
2019-12-10,9.399999999989234,47.40000000000242,0.5236437
2019-12-11,9.399999999989234,47.40000000000242,0.9140918
2019-12-12,9.399999999989234,47.40000000000242,0.5504773
2019-12-13,9.399999999989234,47.40000000000242,0.71099216
2019-12-14,9.399999999989234,47.40000000000242,0.6370524
2019-12-15,9.399999999989234,47.40000000000242,0.63735116
2019-12-16,9.399999999989234,47.40000000000242,0.797866
2019-12-17,9.399999999989234,47.40000000000242,0.6857758
2019-12-18,9.399999999989234,47.40000000000242,0.38126877
2019-12-19,9.399999999989234,47.40000000000242,0.50832987
2019-12-20,9.399999999989234,47.40000000000242,0.8812494
2019-12-21,9.399999999989234,47.40000000000242,0.75575507
2019-12-22,9.399999999989234,47.40000000000242,0.8214096
2019-12-23,9.399999999989234,47.40000000000242,0.7258169
2019-12-24,9.399999999989234,47.40000000000242,0.69867325
2019-12-25,9.399999999989234,47.40000000000242,0.7848878
2019-12-26,9.399999999989234,47.40000000000242,0.81302595
2019-12-27,9.399999999989234,47.40000000000242,0.9157998
2019-12-28,9.399999999989234,47.40000000000242,0.68610346
2019-12-29,9.399999999989234,47.40000000000242,0.28364277
2019-12-30,9.399999999989234,47.40000000000242,0.12451955
2019-12-31,9.399999999989234,47.40000000000242,0.34025443
2023-01-01,9.399999999989234,47.40000000000242,0.30279988
2023-01-02,9.399999999989234,47.40000000000242,0.7849533
2023-01-03,9.399999999989234,47.40000000000242,0.74234325
2023-01-04,9.399999999989234,47.40000000000242,0.8498136
2023-01-05,9.399999999989234,47.40000000000242,0.8731934
2023-01-06,9.399999999989234,47.40000000000242,0.52944314
2023-01-07,9.399999999989234,47.40000000000242,0.5342633
2023-01-08,9.399999999989234,47.40000000000242,0.9050589
2023-01-09,9.399999999989234,47.40000000000242,0.65307564
2023-01-10,9.399999999989234,47.40000000000242,0.74553853
2023-01-11,9.399999999989234,47.40000000000242,0.82723165
2023-01-12,9.399999999989234,47.40000000000242,0.8443631
2023-01-13,9.399999999989234,47.40000000000242,0.75323
2023-01-14,9.399999999989234,47.40000000000242,0.8900298
2023-01-15,9.399999999989234,47.40000000000242,0.62258023
2023-01-16,9.399999999989234,47.40000000000242,0.6149655
2023-01-17,9.399999999989234,47.40000000000242,0.68880695
2023-01-18,9.399999999989234,47.40000000000242,0.825942
2023-01-19,9.399999999989234,47.40000000000242,0.48940936
2023-01-20,9.399999999989234,47.40000000000242,0.61480534
2023-01-21,9.399999999989234,47.40000000000242,0.8536213
2023-01-22,9.399999999989234,47.40000000000242,0.77383024
2023-01-23,9.399999999989234,47.40000000000242,0.8487027
2023-01-24,9.399999999989234,47.40000000000242,0.7332206
2023-01-25,9.399999999989234,47.40000000000242,0.6792068
2023-01-26,9.399999999989234,47.40000000000242,0.8798106
2023-01-27,9.399999999989234,47.40000000000242,0.7973233
2023-01-28,9.399999999989234,47.40000000000242,0.6515425
2023-01-29,9.399999999989234,47.40000000000242,0.48720193
2023-01-30,9.399999999989234,47.40000000000242,0.62427515
2023-01-31,9.399999999989234,47.40000000000242,0.60119414
2023-02-01,9.399999999989234,47.40000000000242,0.8105055
2023-02-02,9.399999999989234,47.40000000000242,0.85747683
2023-02-03,9.399999999989234,47.40000000000242,0.87191206
2023-02-04,9.399999999989234,47.40000000000242,0.7673748
2023-02-05,9.399999999989234,47.40000000000242,0.92300767
2023-02-06,9.399999999989234,47.40000000000242,0.6390607
2023-02-07,9.399999999989234,47.40000000000242,0.0
2023-02-08,9.399999999989234,47.40000000000242,0.0
2023-02-09,9.399999999989234,47.40000000000242,0.0
2023-02-10,9.399999999989234,47.40000000000242,0.11262185
2023-02-11,9.399999999989234,47.40000000000242,0.33843073
2023-02-12,9.399999999989234,47.40000000000242,0.1403995
2023-02-13,9.399999999989234,47.40000000000242,0.3430655
2023-02-14,9.399999999989234,47.40000000000242,0.31728822
2023-02-15,9.399999999989234,47.40000000000242,0.34300366
2023-02-16,9.399999999989234,47.40000000000242,0.55019104
2023-02-17,9.399999999989234,47.40000000000242,0.90173125
2023-02-18,9.399999999989234,47.40000000000242,0.83367926
2023-02-19,9.399999999989234,47.40000000000242,0.75216126
2023-02-20,9.399999999989234,47.40000000000242,0.36440933
2023-02-21,9.399999999989234,47.40000000000242,0.2663939
2023-02-22,9.399999999989234,47.40000000000242,0.86024034
2023-02-23,9.399999999989234,47.40000000000242,0.5106388
2023-02-24,9.399999999989234,47.40000000000242,0.7343236
2023-02-25,9.399999999989234,47.40000000000242,0.77280927
2023-02-26,9.399999999989234,47.40000000000242,0.6242704
2023-02-27,9.399999999989234,47.40000000000242,0.9046653
2023-02-28,9.399999999989234,47.40000000000242,0.32513046
2023-03-01,9.399999999989234,47.40000000000242,0.7997675
2023-03-02,9.399999999989234,47.40000000000242,0.59039426
2023-03-03,9.399999999989234,47.40000000000242,0.78108424
2023-03-04,9.399999999989234,47.40000000000242,0.6432533
2023-03-05,9.399999999989234,47.40000000000242,0.668907
2023-03-06,9.399999999989234,47.40000000000242,0.94208425
2023-03-07,9.399999999989234,47.40000000000242,0.87024313
2023-03-08,9.399999999989234,47.40000000000242,0.9258602
2023-03-09,9.399999999989234,47.40000000000242,0.5961847
2023-03-10,9.399999999989234,47.40000000000242,0.9064812
2023-03-11,9.399999999989234,47.40000000000242,0.9284693
2023-03-12,9.399999999989234,47.40000000000242,0.830851
2023-03-13,9.399999999989234,47.40000000000242,0.7905148
2023-03-14,9.399999999989234,47.40000000000242,0.89705247
2023-03-15,9.399999999989234,47.40000000000242,0.61480707
2023-03-16,9.399999999989234,47.40000000000242,0.74672484
2023-03-17,9.399999999989234,47.40000000000242,0.9079103
2023-03-18,9.399999999989234,47.40000000000242,0.6421624
2023-03-19,9.399999999989234,47.40000000000242,0.84356034
2023-03-20,9.399999999989234,47.40000000000242,0.6918664
2023-03-21,9.399999999989234,47.40000000000242,0.6880773
2023-03-22,9.399999999989234,47.40000000000242,0.6306097
2023-03-23,9.399999999989234,47.40000000000242,0.960894
2023-03-24,9.399999999989234,47.40000000000242,0.77350897
2023-03-25,9.399999999989234,47.40000000000242,0.7202275
2023-03-26,9.399999999989234,47.40000000000242,0.89784855
2023-03-27,9.399999999989234,47.40000000000242,0.72805387
2023-03-28,9.399999999989234,47.40000000000242,0.7087366
2023-03-29,9.399999999989234,47.40000000000242,0.9864353
2023-03-30,9.399999999989234,47.40000000000242,0.8444182
2023-03-31,9.399999999989234,47.40000000000242,0.8199455
2023-04-01,9.399999999989234,47.40000000000242,0.8079077
2023-04-02,9.399999999989234,47.40000000000242,0.79065263
2023-04-03,9.399999999989234,47.40000000000242,0.6434801
2023-04-04,9.399999999989234,47.40000000000242,0.3328231
2023-04-05,9.399999999989234,47.40000000000242,0.26401347
2023-04-06,9.399999999989234,47.40000000000242,0.54068106
2023-04-07,9.399999999989234,47.40000000000242,0.82038015
2023-04-08,9.399999999989234,47.40000000000242,0.88600934
2023-04-09,9.399999999989234,47.40000000000242,0.34502202
2023-04-10,9.399999999989234,47.40000000000242,0.9495146
2023-04-11,9.399999999989234,47.40000000000242,0.99824935
2023-04-12,9.399999999989234,47.40000000000242,0.9896401
2023-04-13,9.399999999989234,47.40000000000242,0.9353276
2023-04-14,9.399999999989234,47.40000000000242,0.4183906
2023-04-15,9.399999999989234,47.40000000000242,0.78882563
2023-04-16,9.399999999989234,47.40000000000242,1.0
2023-04-17,9.399999999989234,47.40000000000242,0.6609451
2023-04-18,9.399999999989234,47.40000000000242,0.7323639
2023-04-19,9.399999999989234,47.40000000000242,0.92997277
2023-04-20,9.399999999989234,47.40000000000242,0.9715516
2023-04-21,9.399999999989234,47.40000000000242,0.7391957
2023-04-22,9.399999999989234,47.40000000000242,0.95187384
2023-04-23,9.399999999989234,47.40000000000242,0.94435745
2023-04-24,9.399999999989234,47.40000000000242,0.6435524
2023-04-25,9.399999999989234,47.40000000000242,0.79888666
2023-04-26,9.399999999989234,47.40000000000242,0.80225337
2023-04-27,9.399999999989234,47.40000000000242,0.9215611
2023-04-28,9.399999999989234,47.40000000000242,1.0
2023-04-29,9.399999999989234,47.40000000000242,0.9152875
2023-04-30,9.399999999989234,47.40000000000242,1.0
