Unnamed: 0,time,lon,lat,Cloud_Cover_Mean
14773,2017-01-01,30.699999999988023,-2.0999999999947647,0.7577029
29572,2017-01-02,30.699999999988023,-2.0999999999947647,0.6157388
44371,2017-01-03,30.699999999988023,-2.0999999999947647,0.55520433
59170,2017-01-04,30.699999999988023,-2.0999999999947647,0.70961756
73969,2017-01-05,30.699999999988023,-2.0999999999947647,0.3286014
88768,2017-01-06,30.699999999988023,-2.0999999999947647,0.31822047
103567,2017-01-07,30.699999999988023,-2.0999999999947647,0.21974482
118366,2017-01-08,30.699999999988023,-2.0999999999947647,0.24649777
133165,2017-01-09,30.699999999988023,-2.0999999999947647,0.35801288
147964,2017-01-10,30.699999999988023,-2.0999999999947647,0.43229052
162763,2017-01-11,30.699999999988023,-2.0999999999947647,0.7425047
177562,2017-01-12,30.699999999988023,-2.0999999999947647,0.50447685
192361,2017-01-13,30.699999999988023,-2.0999999999947647,0.40529746
207160,2017-01-14,30.699999999988023,-2.0999999999947647,0.494913
221959,2017-01-15,30.699999999988023,-2.0999999999947647,0.57655954
236758,2017-01-16,30.699999999988023,-2.0999999999947647,0.52420115
251557,2017-01-17,30.699999999988023,-2.0999999999947647,0.7422744
266356,2017-01-18,30.699999999988023,-2.0999999999947647,0.84883255
281155,2017-01-19,30.699999999988023,-2.0999999999947647,0.62775713
295954,2017-01-20,30.699999999988023,-2.0999999999947647,0.5406866
310753,2017-01-21,30.699999999988023,-2.0999999999947647,0.5109315
325552,2017-01-22,30.699999999988023,-2.0999999999947647,0.56836027
340351,2017-01-23,30.699999999988023,-2.0999999999947647,0.34163404
355150,2017-01-24,30.699999999988023,-2.0999999999947647,0.5273035
369949,2017-01-25,30.699999999988023,-2.0999999999947647,0.7970413
384748,2017-01-26,30.699999999988023,-2.0999999999947647,0.48404193
399547,2017-01-27,30.699999999988023,-2.0999999999947647,0.534092
414346,2017-01-28,30.699999999988023,-2.0999999999947647,0.55680865
429145,2017-01-29,30.699999999988023,-2.0999999999947647,0.5827543
443944,2017-01-30,30.699999999988023,-2.0999999999947647,0.5215062
458743,2017-01-31,30.699999999988023,-2.0999999999947647,0.7290851
473542,2017-02-01,30.699999999988023,-2.0999999999947647,0.6338286
488341,2017-02-02,30.699999999988023,-2.0999999999947647,0.85039085
503140,2017-02-03,30.699999999988023,-2.0999999999947647,0.8358602
517939,2017-02-04,30.699999999988023,-2.0999999999947647,0.7407171
532738,2017-02-05,30.699999999988023,-2.0999999999947647,0.59874314
547537,2017-02-06,30.699999999988023,-2.0999999999947647,0.36717334
562336,2017-02-07,30.699999999988023,-2.0999999999947647,0.28493652
577135,2017-02-08,30.699999999988023,-2.0999999999947647,0.37615675
591934,2017-02-09,30.699999999988023,-2.0999999999947647,0.46436492
606733,2017-02-10,30.699999999988023,-2.0999999999947647,0.63399273
621532,2017-02-11,30.699999999988023,-2.0999999999947647,0.8487235
636331,2017-02-12,30.699999999988023,-2.0999999999947647,0.8181512
651130,2017-02-13,30.699999999988023,-2.0999999999947647,0.63754225
665929,2017-02-14,30.699999999988023,-2.0999999999947647,0.84985125
680728,2017-02-15,30.699999999988023,-2.0999999999947647,0.6505619
695527,2017-02-16,30.699999999988023,-2.0999999999947647,0.7782123
710326,2017-02-17,30.699999999988023,-2.0999999999947647,0.8340167
725125,2017-02-18,30.699999999988023,-2.0999999999947647,0.80011183
739924,2017-02-19,30.699999999988023,-2.0999999999947647,0.7671178
754723,2017-02-20,30.699999999988023,-2.0999999999947647,0.8237294
769522,2017-02-21,30.699999999988023,-2.0999999999947647,0.8561233
784321,2017-02-22,30.699999999988023,-2.0999999999947647,0.65521944
799120,2017-02-23,30.699999999988023,-2.0999999999947647,0.58912784
813919,2017-02-24,30.699999999988023,-2.0999999999947647,0.722429
828718,2017-02-25,30.699999999988023,-2.0999999999947647,0.79345787
843517,2017-02-26,30.699999999988023,-2.0999999999947647,0.5360459
858316,2017-02-27,30.699999999988023,-2.0999999999947647,0.79770124
873115,2017-02-28,30.699999999988023,-2.0999999999947647,0.67752326
887914,2017-03-01,30.699999999988023,-2.0999999999947647,0.65329564
902713,2017-03-02,30.699999999988023,-2.0999999999947647,0.66550803
917512,2017-03-03,30.699999999988023,-2.0999999999947647,0.68498576
932311,2017-03-04,30.699999999988023,-2.0999999999947647,0.6300823
947110,2017-03-05,30.699999999988023,-2.0999999999947647,0.45753607
961909,2017-03-06,30.699999999988023,-2.0999999999947647,0.561776
976708,2017-03-07,30.699999999988023,-2.0999999999947647,0.6142379
991507,2017-03-08,30.699999999988023,-2.0999999999947647,0.8500609
1006306,2017-03-09,30.699999999988023,-2.0999999999947647,0.8356239
1021105,2017-03-10,30.699999999988023,-2.0999999999947647,0.6589378
1035904,2017-03-11,30.699999999988023,-2.0999999999947647,0.58062387
1050703,2017-03-12,30.699999999988023,-2.0999999999947647,0.7331859
1065502,2017-03-13,30.699999999988023,-2.0999999999947647,0.5283493
1080301,2017-03-14,30.699999999988023,-2.0999999999947647,0.53883374
1095100,2017-03-15,30.699999999988023,-2.0999999999947647,0.8029009
1109899,2017-03-16,30.699999999988023,-2.0999999999947647,0.85951257
1124698,2017-03-17,30.699999999988023,-2.0999999999947647,0.80703086
1139497,2017-03-18,30.699999999988023,-2.0999999999947647,0.76272535
1154296,2017-03-19,30.699999999988023,-2.0999999999947647,0.85070664
1169095,2017-03-20,30.699999999988023,-2.0999999999947647,0.5376974
1183894,2017-03-21,30.699999999988023,-2.0999999999947647,0.5635198
1198693,2017-03-22,30.699999999988023,-2.0999999999947647,0.7533192
1213492,2017-03-23,30.699999999988023,-2.0999999999947647,0.839686
1228291,2017-03-24,30.699999999988023,-2.0999999999947647,0.8163691
1243090,2017-03-25,30.699999999988023,-2.0999999999947647,0.80505764
1257889,2017-03-26,30.699999999988023,-2.0999999999947647,0.779319
1272688,2017-03-27,30.699999999988023,-2.0999999999947647,0.7187647
1287487,2017-03-28,30.699999999988023,-2.0999999999947647,0.5848535
1302286,2017-03-29,30.699999999988023,-2.0999999999947647,0.65103877
1317085,2017-03-30,30.699999999988023,-2.0999999999947647,0.84729624
1331884,2017-03-31,30.699999999988023,-2.0999999999947647,0.6237793
1346683,2017-04-01,30.699999999988023,-2.0999999999947647,0.5745266
1361482,2017-04-02,30.699999999988023,-2.0999999999947647,0.45837507
1376281,2017-04-03,30.699999999988023,-2.0999999999947647,0.77168506
1391080,2017-04-04,30.699999999988023,-2.0999999999947647,0.8119247
1405879,2017-04-05,30.699999999988023,-2.0999999999947647,0.22514133
1420678,2017-04-06,30.699999999988023,-2.0999999999947647,0.7571148
1435477,2017-04-07,30.699999999988023,-2.0999999999947647,0.82178915
1450276,2017-04-08,30.699999999988023,-2.0999999999947647,0.85567427
1465075,2017-04-09,30.699999999988023,-2.0999999999947647,0.83306116
1479874,2017-04-10,30.699999999988023,-2.0999999999947647,0.7895628
1494673,2017-04-11,30.699999999988023,-2.0999999999947647,0.69762903
1509472,2017-04-12,30.699999999988023,-2.0999999999947647,0.7589609
1524271,2017-04-13,30.699999999988023,-2.0999999999947647,0.50466454
1539070,2017-04-14,30.699999999988023,-2.0999999999947647,0.5668037
1553869,2017-04-15,30.699999999988023,-2.0999999999947647,0.71624017
1568668,2017-04-16,30.699999999988023,-2.0999999999947647,0.8437772
1583467,2017-04-17,30.699999999988023,-2.0999999999947647,0.8631316
1598266,2017-04-18,30.699999999988023,-2.0999999999947647,0.7728123
1613065,2017-04-19,30.699999999988023,-2.0999999999947647,0.61860615
1627864,2017-04-20,30.699999999988023,-2.0999999999947647,0.811531
1642663,2017-04-21,30.699999999988023,-2.0999999999947647,0.7994024
1657462,2017-04-22,30.699999999988023,-2.0999999999947647,0.818063
1672261,2017-04-23,30.699999999988023,-2.0999999999947647,0.7727332
1687060,2017-04-24,30.699999999988023,-2.0999999999947647,0.6848357
1701859,2017-04-25,30.699999999988023,-2.0999999999947647,0.82608616
1716658,2017-04-26,30.699999999988023,-2.0999999999947647,0.5904603
1731457,2017-04-27,30.699999999988023,-2.0999999999947647,0.45471758
1746256,2017-04-28,30.699999999988023,-2.0999999999947647,0.60819036
1761055,2017-04-29,30.699999999988023,-2.0999999999947647,0.46044227
1775854,2017-04-30,30.699999999988023,-2.0999999999947647,0.697653
1790653,2017-05-01,30.699999999988023,-2.0999999999947647,0.84143865
1805452,2017-05-02,30.699999999988023,-2.0999999999947647,0.7284027
1820251,2017-05-03,30.699999999988023,-2.0999999999947647,0.7840837
1835050,2017-05-04,30.699999999988023,-2.0999999999947647,0.82120776
1849849,2017-05-05,30.699999999988023,-2.0999999999947647,0.81553715
1864648,2017-05-06,30.699999999988023,-2.0999999999947647,0.8027147
1879447,2017-05-07,30.699999999988023,-2.0999999999947647,0.7945188
1894246,2017-05-08,30.699999999988023,-2.0999999999947647,0.6919772
1909045,2017-05-09,30.699999999988023,-2.0999999999947647,0.6943891
1923844,2017-05-10,30.699999999988023,-2.0999999999947647,0.24795534
1938643,2017-05-11,30.699999999988023,-2.0999999999947647,0.6015148
1953442,2017-05-12,30.699999999988023,-2.0999999999947647,0.71521497
1968241,2017-05-13,30.699999999988023,-2.0999999999947647,0.6918981
1983040,2017-05-14,30.699999999988023,-2.0999999999947647,0.47634032
1997839,2017-05-15,30.699999999988023,-2.0999999999947647,0.75795025
2012638,2017-05-16,30.699999999988023,-2.0999999999947647,0.70557207
2027437,2017-05-17,30.699999999988023,-2.0999999999947647,0.5536842
2042236,2017-05-18,30.699999999988023,-2.0999999999947647,0.7619371
2057035,2017-05-19,30.699999999988023,-2.0999999999947647,0.6786662
2071834,2017-05-20,30.699999999988023,-2.0999999999947647,0.23234585
2086633,2017-05-21,30.699999999988023,-2.0999999999947647,0.26128384
2101432,2017-05-22,30.699999999988023,-2.0999999999947647,0.31615767
2116231,2017-05-23,30.699999999988023,-2.0999999999947647,0.46226156
2131030,2017-05-24,30.699999999988023,-2.0999999999947647,0.2733433
2145829,2017-05-25,30.699999999988023,-2.0999999999947647,0.29017243
2160628,2017-05-26,30.699999999988023,-2.0999999999947647,0.27239296
2175427,2017-05-27,30.699999999988023,-2.0999999999947647,0.38055572
2190226,2017-05-28,30.699999999988023,-2.0999999999947647,0.36186546
2205025,2017-05-29,30.699999999988023,-2.0999999999947647,0.5152248
2219824,2017-05-30,30.699999999988023,-2.0999999999947647,0.71460783
2234623,2017-05-31,30.699999999988023,-2.0999999999947647,0.5628234
2249422,2017-06-01,30.699999999988023,-2.0999999999947647,0.34151128
2264221,2017-06-02,30.699999999988023,-2.0999999999947647,0.6223139
2279020,2017-06-03,30.699999999988023,-2.0999999999947647,0.77245414
2293819,2017-06-04,30.699999999988023,-2.0999999999947647,0.44953096
2308618,2017-06-05,30.699999999988023,-2.0999999999947647,0.23144783
2323417,2017-06-06,30.699999999988023,-2.0999999999947647,0.1838097
2338216,2017-06-07,30.699999999988023,-2.0999999999947647,0.37177762
2353015,2017-06-08,30.699999999988023,-2.0999999999947647,0.60274726
2367814,2017-06-09,30.699999999988023,-2.0999999999947647,0.5178618
2382613,2017-06-10,30.699999999988023,-2.0999999999947647,0.32722545
2397412,2017-06-11,30.699999999988023,-2.0999999999947647,0.55244064
2412211,2017-06-12,30.699999999988023,-2.0999999999947647,0.8397014
2427010,2017-06-13,30.699999999988023,-2.0999999999947647,0.80809504
2441809,2017-06-14,30.699999999988023,-2.0999999999947647,0.71444315
2456608,2017-06-15,30.699999999988023,-2.0999999999947647,0.57385683
2471407,2017-06-16,30.699999999988023,-2.0999999999947647,0.6618382
2486206,2017-06-17,30.699999999988023,-2.0999999999947647,0.84657705
2501005,2017-06-18,30.699999999988023,-2.0999999999947647,0.7577687
2515804,2017-06-19,30.699999999988023,-2.0999999999947647,0.47591218
2530603,2017-06-20,30.699999999988023,-2.0999999999947647,0.31122157
2545402,2017-06-21,30.699999999988023,-2.0999999999947647,0.40796927
2560201,2017-06-22,30.699999999988023,-2.0999999999947647,0.74135715
2575000,2017-06-23,30.699999999988023,-2.0999999999947647,0.44890273
2589799,2017-06-24,30.699999999988023,-2.0999999999947647,0.48764125
2604598,2017-06-25,30.699999999988023,-2.0999999999947647,0.4786381
2619397,2017-06-26,30.699999999988023,-2.0999999999947647,0.5948734
2634196,2017-06-27,30.699999999988023,-2.0999999999947647,0.7642843
2648995,2017-06-28,30.699999999988023,-2.0999999999947647,0.45498097
2663794,2017-06-29,30.699999999988023,-2.0999999999947647,0.61319375
2678593,2017-06-30,30.699999999988023,-2.0999999999947647,0.72517586
2693392,2017-07-01,30.699999999988023,-2.0999999999947647,0.4426255
2708191,2017-07-02,30.699999999988023,-2.0999999999947647,0.35058814
2722990,2017-07-03,30.699999999988023,-2.0999999999947647,0.8114193
2737789,2017-07-04,30.699999999988023,-2.0999999999947647,0.8347065
2752588,2017-07-05,30.699999999988023,-2.0999999999947647,0.86042535
2767387,2017-07-06,30.699999999988023,-2.0999999999947647,0.8450776
2782186,2017-07-07,30.699999999988023,-2.0999999999947647,0.66171646
2796985,2017-07-08,30.699999999988023,-2.0999999999947647,0.69943076
2811784,2017-07-09,30.699999999988023,-2.0999999999947647,0.42172393
2826583,2017-07-10,30.699999999988023,-2.0999999999947647,0.06480223
2841382,2017-07-11,30.699999999988023,-2.0999999999947647,0.44571483
2856181,2017-07-12,30.699999999988023,-2.0999999999947647,0.47476625
2870980,2017-07-13,30.699999999988023,-2.0999999999947647,0.36728746
2885779,2017-07-14,30.699999999988023,-2.0999999999947647,0.49714264
2900578,2017-07-15,30.699999999988023,-2.0999999999947647,0.6286124
2915377,2017-07-16,30.699999999988023,-2.0999999999947647,0.70932835
2930176,2017-07-17,30.699999999988023,-2.0999999999947647,0.59216243
2944975,2017-07-18,30.699999999988023,-2.0999999999947647,0.25461492
2959774,2017-07-19,30.699999999988023,-2.0999999999947647,0.34652898
2974573,2017-07-20,30.699999999988023,-2.0999999999947647,0.72986335
2989372,2017-07-21,30.699999999988023,-2.0999999999947647,0.52309173
3004171,2017-07-22,30.699999999988023,-2.0999999999947647,0.69734615
3018970,2017-07-23,30.699999999988023,-2.0999999999947647,0.6933099
3033769,2017-07-24,30.699999999988023,-2.0999999999947647,0.84899735
3048568,2017-07-25,30.699999999988023,-2.0999999999947647,0.83516055
3063367,2017-07-26,30.699999999988023,-2.0999999999947647,0.75028497
3078166,2017-07-27,30.699999999988023,-2.0999999999947647,0.51537275
3092965,2017-07-28,30.699999999988023,-2.0999999999947647,0.45945495
3107764,2017-07-29,30.699999999988023,-2.0999999999947647,0.38507372
3122563,2017-07-30,30.699999999988023,-2.0999999999947647,0.75076187
3137362,2017-07-31,30.699999999988023,-2.0999999999947647,0.6457048
3152161,2017-08-01,30.699999999988023,-2.0999999999947647,0.60189587
3166960,2017-08-02,30.699999999988023,-2.0999999999947647,0.52278453
3181759,2017-08-03,30.699999999988023,-2.0999999999947647,0.46374124
3196558,2017-08-04,30.699999999988023,-2.0999999999947647,0.53951997
3211357,2017-08-05,30.699999999988023,-2.0999999999947647,0.4925856
3226156,2017-08-06,30.699999999988023,-2.0999999999947647,0.6894531
3240955,2017-08-07,30.699999999988023,-2.0999999999947647,0.50943446
3255754,2017-08-08,30.699999999988023,-2.0999999999947647,0.5463514
3270553,2017-08-09,30.699999999988023,-2.0999999999947647,0.51729006
3285352,2017-08-10,30.699999999988023,-2.0999999999947647,0.68428904
3300151,2017-08-11,30.699999999988023,-2.0999999999947647,0.59941345
3314950,2017-08-12,30.699999999988023,-2.0999999999947647,0.6186842
3329749,2017-08-13,30.699999999988023,-2.0999999999947647,0.48376846
3344548,2017-08-14,30.699999999988023,-2.0999999999947647,0.4538999
3359347,2017-08-15,30.699999999988023,-2.0999999999947647,0.63289434
3374146,2017-08-16,30.699999999988023,-2.0999999999947647,0.7684102
3388945,2017-08-17,30.699999999988023,-2.0999999999947647,0.59081334
3403744,2017-08-18,30.699999999988023,-2.0999999999947647,0.5188638
3418543,2017-08-19,30.699999999988023,-2.0999999999947647,0.76901037
3433342,2017-08-20,30.699999999988023,-2.0999999999947647,0.39676067
3448141,2017-08-21,30.699999999988023,-2.0999999999947647,0.29817158
3462940,2017-08-22,30.699999999988023,-2.0999999999947647,0.4175423
3477739,2017-08-23,30.699999999988023,-2.0999999999947647,0.6782868
3492538,2017-08-24,30.699999999988023,-2.0999999999947647,0.79927206
3507337,2017-08-25,30.699999999988023,-2.0999999999947647,0.80401206
3522136,2017-08-26,30.699999999988023,-2.0999999999947647,0.6408423
3536935,2017-08-27,30.699999999988023,-2.0999999999947647,0.74095225
3551734,2017-08-28,30.699999999988023,-2.0999999999947647,0.73277617
3566533,2017-08-29,30.699999999988023,-2.0999999999947647,0.80048233
3581332,2017-08-30,30.699999999988023,-2.0999999999947647,0.78735906
3596131,2017-08-31,30.699999999988023,-2.0999999999947647,0.52904624
3610930,2017-09-01,30.699999999988023,-2.0999999999947647,0.56284755
3625729,2017-09-02,30.699999999988023,-2.0999999999947647,0.75002795
3640528,2017-09-03,30.699999999988023,-2.0999999999947647,0.72985643
3655327,2017-09-04,30.699999999988023,-2.0999999999947647,0.75962144
3670126,2017-09-05,30.699999999988023,-2.0999999999947647,0.39555773
3684925,2017-09-06,30.699999999988023,-2.0999999999947647,0.5834419
3699724,2017-09-07,30.699999999988023,-2.0999999999947647,0.6197784
3714523,2017-09-08,30.699999999988023,-2.0999999999947647,0.4259328
3729322,2017-09-09,30.699999999988023,-2.0999999999947647,0.75611144
3744121,2017-09-10,30.699999999988023,-2.0999999999947647,0.5920309
3758920,2017-09-11,30.699999999988023,-2.0999999999947647,0.5540996
3773719,2017-09-12,30.699999999988023,-2.0999999999947647,0.365211
3788518,2017-09-13,30.699999999988023,-2.0999999999947647,0.71373963
3803317,2017-09-14,30.699999999988023,-2.0999999999947647,0.78478825
3818116,2017-09-15,30.699999999988023,-2.0999999999947647,0.5909525
3832915,2017-09-16,30.699999999988023,-2.0999999999947647,0.6239466
3847714,2017-09-17,30.699999999988023,-2.0999999999947647,0.62960726
3862513,2017-09-18,30.699999999988023,-2.0999999999947647,0.6989379
3877312,2017-09-19,30.699999999988023,-2.0999999999947647,0.6319453
3892111,2017-09-20,30.699999999988023,-2.0999999999947647,0.71580654
3906910,2017-09-21,30.699999999988023,-2.0999999999947647,0.41713077
3921709,2017-09-22,30.699999999988023,-2.0999999999947647,0.7624303
3936508,2017-09-23,30.699999999988023,-2.0999999999947647,0.6106756
3951307,2017-09-24,30.699999999988023,-2.0999999999947647,0.80997485
3966106,2017-09-25,30.699999999988023,-2.0999999999947647,0.7219935
3980905,2017-09-26,30.699999999988023,-2.0999999999947647,0.7364305
3995704,2017-09-27,30.699999999988023,-2.0999999999947647,0.6943594
4010503,2017-09-28,30.699999999988023,-2.0999999999947647,0.6475483
4025302,2017-09-29,30.699999999988023,-2.0999999999947647,0.8259722
4040101,2017-09-30,30.699999999988023,-2.0999999999947647,0.7581724
4054900,2017-10-01,30.699999999988023,-2.0999999999947647,0.75000614
4069699,2017-10-02,30.699999999988023,-2.0999999999947647,0.5553632
4084498,2017-10-03,30.699999999988023,-2.0999999999947647,0.30673742
4099297,2017-10-04,30.699999999988023,-2.0999999999947647,0.28807682
4114096,2017-10-05,30.699999999988023,-2.0999999999947647,0.599585
4128895,2017-10-06,30.699999999988023,-2.0999999999947647,0.2469363
4143694,2017-10-07,30.699999999988023,-2.0999999999947647,0.42766857
4158493,2017-10-08,30.699999999988023,-2.0999999999947647,0.5970992
4173292,2017-10-09,30.699999999988023,-2.0999999999947647,0.7044745
4188091,2017-10-10,30.699999999988023,-2.0999999999947647,0.7593878
4202890,2017-10-11,30.699999999988023,-2.0999999999947647,0.7528361
4217689,2017-10-12,30.699999999988023,-2.0999999999947647,0.74235165
4232488,2017-10-13,30.699999999988023,-2.0999999999947647,0.50019383
4247287,2017-10-14,30.699999999988023,-2.0999999999947647,0.43874854
4262086,2017-10-15,30.699999999988023,-2.0999999999947647,0.6801386
4276885,2017-10-16,30.699999999988023,-2.0999999999947647,0.5937718
4291684,2017-10-17,30.699999999988023,-2.0999999999947647,0.5428209
4306483,2017-10-18,30.699999999988023,-2.0999999999947647,0.72689563
4321282,2017-10-19,30.699999999988023,-2.0999999999947647,0.84718704
4336081,2017-10-20,30.699999999988023,-2.0999999999947647,0.70351475
4350880,2017-10-21,30.699999999988023,-2.0999999999947647,0.47012338
4365679,2017-10-22,30.699999999988023,-2.0999999999947647,0.3579342
4380478,2017-10-23,30.699999999988023,-2.0999999999947647,0.7252467
4395277,2017-10-24,30.699999999988023,-2.0999999999947647,0.7099286
4410076,2017-10-25,30.699999999988023,-2.0999999999947647,0.81477857
4424875,2017-10-26,30.699999999988023,-2.0999999999947647,0.81974536
4439674,2017-10-27,30.699999999988023,-2.0999999999947647,0.8270305
4454473,2017-10-28,30.699999999988023,-2.0999999999947647,0.85196185
4469272,2017-10-29,30.699999999988023,-2.0999999999947647,0.8229203
4484071,2017-10-30,30.699999999988023,-2.0999999999947647,0.7801455
4498870,2017-10-31,30.699999999988023,-2.0999999999947647,0.66230553
4513669,2017-11-01,30.699999999988023,-2.0999999999947647,0.6259987
4528468,2017-11-02,30.699999999988023,-2.0999999999947647,0.6332739
4543267,2017-11-03,30.699999999988023,-2.0999999999947647,0.82542115
4558066,2017-11-04,30.699999999988023,-2.0999999999947647,0.85288775
4572865,2017-11-05,30.699999999988023,-2.0999999999947647,0.8440178
4587664,2017-11-06,30.699999999988023,-2.0999999999947647,0.77864957
4602463,2017-11-07,30.699999999988023,-2.0999999999947647,0.84890085
4617262,2017-11-08,30.699999999988023,-2.0999999999947647,0.7149058
4632061,2017-11-09,30.699999999988023,-2.0999999999947647,0.8166402
4646860,2017-11-10,30.699999999988023,-2.0999999999947647,0.8424922
4661659,2017-11-11,30.699999999988023,-2.0999999999947647,0.7884158
4676458,2017-11-12,30.699999999988023,-2.0999999999947647,0.7432291
4691257,2017-11-13,30.699999999988023,-2.0999999999947647,0.65455395
4706056,2017-11-14,30.699999999988023,-2.0999999999947647,0.586764
4720855,2017-11-15,30.699999999988023,-2.0999999999947647,0.72228974
4735654,2017-11-16,30.699999999988023,-2.0999999999947647,0.69093
4750453,2017-11-17,30.699999999988023,-2.0999999999947647,0.8128458
4765252,2017-11-18,30.699999999988023,-2.0999999999947647,0.55049664
4780051,2017-11-19,30.699999999988023,-2.0999999999947647,0.8233698
4794850,2017-11-20,30.699999999988023,-2.0999999999947647,0.55709785
4809649,2017-11-21,30.699999999988023,-2.0999999999947647,0.40050942
4824448,2017-11-22,30.699999999988023,-2.0999999999947647,0.60475576
4839247,2017-11-23,30.699999999988023,-2.0999999999947647,0.7024538
4854046,2017-11-24,30.699999999988023,-2.0999999999947647,0.74294
4868845,2017-11-25,30.699999999988023,-2.0999999999947647,0.6226684
4883644,2017-11-26,30.699999999988023,-2.0999999999947647,0.56537277
4898443,2017-11-27,30.699999999988023,-2.0999999999947647,0.3790194
4913242,2017-11-28,30.699999999988023,-2.0999999999947647,0.60910785
4928041,2017-11-29,30.699999999988023,-2.0999999999947647,0.60831046
4942840,2017-11-30,30.699999999988023,-2.0999999999947647,0.7521258
4957639,2017-12-01,30.699999999988023,-2.0999999999947647,0.7053246
4972438,2017-12-02,30.699999999988023,-2.0999999999947647,0.6609352
4987237,2017-12-03,30.699999999988023,-2.0999999999947647,0.78537637
5002036,2017-12-04,30.699999999988023,-2.0999999999947647,0.61678267
5016835,2017-12-05,30.699999999988023,-2.0999999999947647,0.5504938
5031634,2017-12-06,30.699999999988023,-2.0999999999947647,0.6208486
5046433,2017-12-07,30.699999999988023,-2.0999999999947647,0.66375655
5061232,2017-12-08,30.699999999988023,-2.0999999999947647,0.80584395
5076031,2017-12-09,30.699999999988023,-2.0999999999947647,0.8148472
5090830,2017-12-10,30.699999999988023,-2.0999999999947647,0.8295011
5105629,2017-12-11,30.699999999988023,-2.0999999999947647,0.4686664
5120428,2017-12-12,30.699999999988023,-2.0999999999947647,0.39684018
5135227,2017-12-13,30.699999999988023,-2.0999999999947647,0.31531695
5150026,2017-12-14,30.699999999988023,-2.0999999999947647,0.41069677
5164825,2017-12-15,30.699999999988023,-2.0999999999947647,0.54482496
5179624,2017-12-16,30.699999999988023,-2.0999999999947647,0.50527924
5194423,2017-12-17,30.699999999988023,-2.0999999999947647,0.56675416
5209222,2017-12-18,30.699999999988023,-2.0999999999947647,0.72983027
5224021,2017-12-19,30.699999999988023,-2.0999999999947647,0.7978668
5238820,2017-12-20,30.699999999988023,-2.0999999999947647,0.5024201
5253619,2017-12-21,30.699999999988023,-2.0999999999947647,0.49689257
5268418,2017-12-22,30.699999999988023,-2.0999999999947647,0.66158324
5283217,2017-12-23,30.699999999988023,-2.0999999999947647,0.6592848
5298016,2017-12-24,30.699999999988023,-2.0999999999947647,0.7860342
5312815,2017-12-25,30.699999999988023,-2.0999999999947647,0.76435167
5327614,2017-12-26,30.699999999988023,-2.0999999999947647,0.4488369
5342413,2017-12-27,30.699999999988023,-2.0999999999947647,0.49405327
5357212,2017-12-28,30.699999999988023,-2.0999999999947647,0.840594
5372011,2017-12-29,30.699999999988023,-2.0999999999947647,0.8260732
5386810,2017-12-30,30.699999999988023,-2.0999999999947647,0.7308267
5401609,2017-12-31,30.699999999988023,-2.0999999999947647,0.8004777
5416408,2018-01-01,30.699999999988023,-2.0999999999947647,0.7593174
5431207,2018-01-02,30.699999999988023,-2.0999999999947647,0.66255987
5446006,2018-01-03,30.699999999988023,-2.0999999999947647,0.76509154
5460805,2018-01-04,30.699999999988023,-2.0999999999947647,0.84765875
5475604,2018-01-05,30.699999999988023,-2.0999999999947647,0.6700717
5490403,2018-01-06,30.699999999988023,-2.0999999999947647,0.8477821
5505202,2018-01-07,30.699999999988023,-2.0999999999947647,0.7630298
5520001,2018-01-08,30.699999999988023,-2.0999999999947647,0.8220731
5534800,2018-01-09,30.699999999988023,-2.0999999999947647,0.8213793
5549599,2018-01-10,30.699999999988023,-2.0999999999947647,0.71079475
5564398,2018-01-11,30.699999999988023,-2.0999999999947647,0.8078926
5579197,2018-01-12,30.699999999988023,-2.0999999999947647,0.76683587
5593996,2018-01-13,30.699999999988023,-2.0999999999947647,0.7217428
5608795,2018-01-14,30.699999999988023,-2.0999999999947647,0.65878654
5623594,2018-01-15,30.699999999988023,-2.0999999999947647,0.7073355
5638393,2018-01-16,30.699999999988023,-2.0999999999947647,0.57425123
5653192,2018-01-17,30.699999999988023,-2.0999999999947647,0.77698654
5667991,2018-01-18,30.699999999988023,-2.0999999999947647,0.6776937
5682790,2018-01-19,30.699999999988023,-2.0999999999947647,0.7512677
5697589,2018-01-20,30.699999999988023,-2.0999999999947647,0.74411577
5712388,2018-01-21,30.699999999988023,-2.0999999999947647,0.49640086
5727187,2018-01-22,30.699999999988023,-2.0999999999947647,0.65877324
5741986,2018-01-23,30.699999999988023,-2.0999999999947647,0.6798754
5756785,2018-01-24,30.699999999988023,-2.0999999999947647,0.6629229
5771584,2018-01-25,30.699999999988023,-2.0999999999947647,0.8002703
5786383,2018-01-26,30.699999999988023,-2.0999999999947647,0.4921145
5801182,2018-01-27,30.699999999988023,-2.0999999999947647,0.6463009
5815981,2018-01-28,30.699999999988023,-2.0999999999947647,0.6512579
5830780,2018-01-29,30.699999999988023,-2.0999999999947647,0.8031359
5845579,2018-01-30,30.699999999988023,-2.0999999999947647,0.81777006
5860378,2018-01-31,30.699999999988023,-2.0999999999947647,0.71859074
5875177,2018-02-01,30.699999999988023,-2.0999999999947647,0.7993166
5889976,2018-02-02,30.699999999988023,-2.0999999999947647,0.63243103
5904775,2018-02-03,30.699999999988023,-2.0999999999947647,0.46129224
5919574,2018-02-04,30.699999999988023,-2.0999999999947647,0.44929677
5934373,2018-02-05,30.699999999988023,-2.0999999999947647,0.6310335
5949172,2018-02-06,30.699999999988023,-2.0999999999947647,0.8103583
5963971,2018-02-07,30.699999999988023,-2.0999999999947647,0.84759575
5978770,2018-02-08,30.699999999988023,-2.0999999999947647,0.8597046
5993569,2018-02-09,30.699999999988023,-2.0999999999947647,0.8437764
6008368,2018-02-10,30.699999999988023,-2.0999999999947647,0.6945371
6023167,2018-02-11,30.699999999988023,-2.0999999999947647,0.8148186
6037966,2018-02-12,30.699999999988023,-2.0999999999947647,0.83268183
6052765,2018-02-13,30.699999999988023,-2.0999999999947647,0.5067664
6067564,2018-02-14,30.699999999988023,-2.0999999999947647,0.6956649
6082363,2018-02-15,30.699999999988023,-2.0999999999947647,0.5286659
6097162,2018-02-16,30.699999999988023,-2.0999999999947647,0.36166692
6111961,2018-02-17,30.699999999988023,-2.0999999999947647,0.29153895
6126760,2018-02-18,30.699999999988023,-2.0999999999947647,0.672565
6141559,2018-02-19,30.699999999988023,-2.0999999999947647,0.7412855
6156358,2018-02-20,30.699999999988023,-2.0999999999947647,0.8511762
6171157,2018-02-21,30.699999999988023,-2.0999999999947647,0.78104824
6185956,2018-02-22,30.699999999988023,-2.0999999999947647,0.7924534
6200755,2018-02-23,30.699999999988023,-2.0999999999947647,0.86278844
6215554,2018-02-24,30.699999999988023,-2.0999999999947647,0.7377669
6230353,2018-02-25,30.699999999988023,-2.0999999999947647,0.7401788
6245152,2018-02-26,30.699999999988023,-2.0999999999947647,0.5142499
6259951,2018-02-27,30.699999999988023,-2.0999999999947647,0.77509797
6274750,2018-02-28,30.699999999988023,-2.0999999999947647,0.83574593
6289549,2018-03-01,30.699999999988023,-2.0999999999947647,0.8639901
6304348,2018-03-02,30.699999999988023,-2.0999999999947647,0.73816127
6319147,2018-03-03,30.699999999988023,-2.0999999999947647,0.73342127
6333946,2018-03-04,30.699999999988023,-2.0999999999947647,0.8577292
6348745,2018-03-05,30.699999999988023,-2.0999999999947647,0.7780177
6363544,2018-03-06,30.699999999988023,-2.0999999999947647,0.85965437
6378343,2018-03-07,30.699999999988023,-2.0999999999947647,0.789413
6393142,2018-03-08,30.699999999988023,-2.0999999999947647,0.5271575
6407941,2018-03-09,30.699999999988023,-2.0999999999947647,0.7758868
6422740,2018-03-10,30.699999999988023,-2.0999999999947647,0.83814925
6437539,2018-03-11,30.699999999988023,-2.0999999999947647,0.8518628
6452338,2018-03-12,30.699999999988023,-2.0999999999947647,0.83812946
6467137,2018-03-13,30.699999999988023,-2.0999999999947647,0.84479463
6481936,2018-03-14,30.699999999988023,-2.0999999999947647,0.60422164
6496735,2018-03-15,30.699999999988023,-2.0999999999947647,0.8602163
6511534,2018-03-16,30.699999999988023,-2.0999999999947647,0.8474037
6526333,2018-03-17,30.699999999988023,-2.0999999999947647,0.6278195
6541132,2018-03-18,30.699999999988023,-2.0999999999947647,0.8571746
6555931,2018-03-19,30.699999999988023,-2.0999999999947647,0.86443
6570730,2018-03-20,30.699999999988023,-2.0999999999947647,0.8460702
6585529,2018-03-21,30.699999999988023,-2.0999999999947647,0.798432
6600328,2018-03-22,30.699999999988023,-2.0999999999947647,0.64353204
6615127,2018-03-23,30.699999999988023,-2.0999999999947647,0.6499802
6629926,2018-03-24,30.699999999988023,-2.0999999999947647,0.8204054
6644725,2018-03-25,30.699999999988023,-2.0999999999947647,0.77357453
6659524,2018-03-26,30.699999999988023,-2.0999999999947647,0.77043915
6674323,2018-03-27,30.699999999988023,-2.0999999999947647,0.7865744
6689122,2018-03-28,30.699999999988023,-2.0999999999947647,0.86416495
6703921,2018-03-29,30.699999999988023,-2.0999999999947647,0.8415518
6718720,2018-03-30,30.699999999988023,-2.0999999999947647,0.774643
6733519,2018-03-31,30.699999999988023,-2.0999999999947647,0.7327592
6748318,2018-04-01,30.699999999988023,-2.0999999999947647,0.7795703
6763117,2018-04-02,30.699999999988023,-2.0999999999947647,0.7998454
6777916,2018-04-03,30.699999999988023,-2.0999999999947647,0.865327
6792715,2018-04-04,30.699999999988023,-2.0999999999947647,0.85228753
6807514,2018-04-05,30.699999999988023,-2.0999999999947647,0.73775053
6822313,2018-04-06,30.699999999988023,-2.0999999999947647,0.8079721
6837112,2018-04-07,30.699999999988023,-2.0999999999947647,0.75478673
6851911,2018-04-08,30.699999999988023,-2.0999999999947647,0.7660686
6866710,2018-04-09,30.699999999988023,-2.0999999999947647,0.8257958
6881509,2018-04-10,30.699999999988023,-2.0999999999947647,0.5950135
6896308,2018-04-11,30.699999999988023,-2.0999999999947647,0.8534299
6911107,2018-04-12,30.699999999988023,-2.0999999999947647,0.8509884
6925906,2018-04-13,30.699999999988023,-2.0999999999947647,0.84613496
6940705,2018-04-14,30.699999999988023,-2.0999999999947647,0.86629665
6955504,2018-04-15,30.699999999988023,-2.0999999999947647,0.843787
6970303,2018-04-16,30.699999999988023,-2.0999999999947647,0.8373191
6985102,2018-04-17,30.699999999988023,-2.0999999999947647,0.8615171
6999901,2018-04-18,30.699999999988023,-2.0999999999947647,0.7695832
7014700,2018-04-19,30.699999999988023,-2.0999999999947647,0.8357587
7029499,2018-04-20,30.699999999988023,-2.0999999999947647,0.855123
7044298,2018-04-21,30.699999999988023,-2.0999999999947647,0.85106695
7059097,2018-04-22,30.699999999988023,-2.0999999999947647,0.8261356
7073896,2018-04-23,30.699999999988023,-2.0999999999947647,0.7638534
7088695,2018-04-24,30.699999999988023,-2.0999999999947647,0.8519382
7103494,2018-04-25,30.699999999988023,-2.0999999999947647,0.806712
7118293,2018-04-26,30.699999999988023,-2.0999999999947647,0.86654276
7133092,2018-04-27,30.699999999988023,-2.0999999999947647,0.6718701
7147891,2018-04-28,30.699999999988023,-2.0999999999947647,0.8019324
7162690,2018-04-29,30.699999999988023,-2.0999999999947647,0.8495409
7177489,2018-04-30,30.699999999988023,-2.0999999999947647,0.8268143
7192288,2018-05-01,30.699999999988023,-2.0999999999947647,0.7808942
7207087,2018-05-02,30.699999999988023,-2.0999999999947647,0.7114503
7221886,2018-05-03,30.699999999988023,-2.0999999999947647,0.56289494
7236685,2018-05-04,30.699999999988023,-2.0999999999947647,0.6290802
7251484,2018-05-05,30.699999999988023,-2.0999999999947647,0.83733314
7266283,2018-05-06,30.699999999988023,-2.0999999999947647,0.856801
7281082,2018-05-07,30.699999999988023,-2.0999999999947647,0.717022
7295881,2018-05-08,30.699999999988023,-2.0999999999947647,0.38683346
7310680,2018-05-09,30.699999999988023,-2.0999999999947647,0.36906388
7325479,2018-05-10,30.699999999988023,-2.0999999999947647,0.5781241
7340278,2018-05-11,30.699999999988023,-2.0999999999947647,0.66367376
7355077,2018-05-12,30.699999999988023,-2.0999999999947647,0.6054278
7369876,2018-05-13,30.699999999988023,-2.0999999999947647,0.57080936
7384675,2018-05-14,30.699999999988023,-2.0999999999947647,0.7629171
7399474,2018-05-15,30.699999999988023,-2.0999999999947647,0.8588576
7414273,2018-05-16,30.699999999988023,-2.0999999999947647,0.81697375
7429072,2018-05-17,30.699999999988023,-2.0999999999947647,0.8152359
7443871,2018-05-18,30.699999999988023,-2.0999999999947647,0.36799493
7458670,2018-05-19,30.699999999988023,-2.0999999999947647,0.7763445
7473469,2018-05-20,30.699999999988023,-2.0999999999947647,0.5972267
7488268,2018-05-21,30.699999999988023,-2.0999999999947647,0.72061396
7503067,2018-05-22,30.699999999988023,-2.0999999999947647,0.7988983
7517866,2018-05-23,30.699999999988023,-2.0999999999947647,0.3992954
7532665,2018-05-24,30.699999999988023,-2.0999999999947647,0.42833695
7547464,2018-05-25,30.699999999988023,-2.0999999999947647,0.74708074
7562263,2018-05-26,30.699999999988023,-2.0999999999947647,0.42254305
7577062,2018-05-27,30.699999999988023,-2.0999999999947647,0.41849688
7591861,2018-05-28,30.699999999988023,-2.0999999999947647,0.32069528
7606660,2018-05-29,30.699999999988023,-2.0999999999947647,0.15115121
7621459,2018-05-30,30.699999999988023,-2.0999999999947647,0.7024989
7636258,2018-05-31,30.699999999988023,-2.0999999999947647,0.59592104
7651057,2018-06-01,30.699999999988023,-2.0999999999947647,0.41416454
7665856,2018-06-02,30.699999999988023,-2.0999999999947647,0.30021778
7680655,2018-06-03,30.699999999988023,-2.0999999999947647,0.4656959
7695454,2018-06-04,30.699999999988023,-2.0999999999947647,0.68525046
7710253,2018-06-05,30.699999999988023,-2.0999999999947647,0.61489564
7725052,2018-06-06,30.699999999988023,-2.0999999999947647,0.5123639
7739851,2018-06-07,30.699999999988023,-2.0999999999947647,0.31526953
7754650,2018-06-08,30.699999999988023,-2.0999999999947647,0.42918664
7769449,2018-06-09,30.699999999988023,-2.0999999999947647,0.17477688
7784248,2018-06-10,30.699999999988023,-2.0999999999947647,0.1568939
7799047,2018-06-11,30.699999999988023,-2.0999999999947647,0.16495658
7813846,2018-06-12,30.699999999988023,-2.0999999999947647,0.11316873
7828645,2018-06-13,30.699999999988023,-2.0999999999947647,0.59901506
7843444,2018-06-14,30.699999999988023,-2.0999999999947647,0.55702776
7858243,2018-06-15,30.699999999988023,-2.0999999999947647,0.4584189
7873042,2018-06-16,30.699999999988023,-2.0999999999947647,0.49231383
7887841,2018-06-17,30.699999999988023,-2.0999999999947647,0.4679728
7902640,2018-06-18,30.699999999988023,-2.0999999999947647,0.5123621
7917439,2018-06-19,30.699999999988023,-2.0999999999947647,0.5639034
7932238,2018-06-20,30.699999999988023,-2.0999999999947647,0.57277334
7947037,2018-06-21,30.699999999988023,-2.0999999999947647,0.666292
7961836,2018-06-22,30.699999999988023,-2.0999999999947647,0.6913071
7976635,2018-06-23,30.699999999988023,-2.0999999999947647,0.55223185
7991434,2018-06-24,30.699999999988023,-2.0999999999947647,0.8412205
8006233,2018-06-25,30.699999999988023,-2.0999999999947647,0.85966414
8021032,2018-06-26,30.699999999988023,-2.0999999999947647,0.7627832
8035831,2018-06-27,30.699999999988023,-2.0999999999947647,0.6625697
8050630,2018-06-28,30.699999999988023,-2.0999999999947647,0.6220835
8065429,2018-06-29,30.699999999988023,-2.0999999999947647,0.75769305
8080228,2018-06-30,30.699999999988023,-2.0999999999947647,0.5822911
8095027,2018-07-01,30.699999999988023,-2.0999999999947647,0.397419
8109826,2018-07-02,30.699999999988023,-2.0999999999947647,0.29408002
8124625,2018-07-03,30.699999999988023,-2.0999999999947647,0.46591267
8139424,2018-07-04,30.699999999988023,-2.0999999999947647,0.55216604
8154223,2018-07-05,30.699999999988023,-2.0999999999947647,0.4390364
8169022,2018-07-06,30.699999999988023,-2.0999999999947647,0.5262104
8183821,2018-07-07,30.699999999988023,-2.0999999999947647,0.13861291
8198620,2018-07-08,30.699999999988023,-2.0999999999947647,0.2917652
8213419,2018-07-09,30.699999999988023,-2.0999999999947647,0.5177877
8228218,2018-07-10,30.699999999988023,-2.0999999999947647,0.54754287
8243017,2018-07-11,30.699999999988023,-2.0999999999947647,0.6329988
8257816,2018-07-12,30.699999999988023,-2.0999999999947647,0.3996912
8272615,2018-07-13,30.699999999988023,-2.0999999999947647,0.6256102
8287414,2018-07-14,30.699999999988023,-2.0999999999947647,0.46808136
8302213,2018-07-15,30.699999999988023,-2.0999999999947647,0.43809935
8317012,2018-07-16,30.699999999988023,-2.0999999999947647,0.4122572
8331811,2018-07-17,30.699999999988023,-2.0999999999947647,0.64867055
8346610,2018-07-18,30.699999999988023,-2.0999999999947647,0.38377628
8361409,2018-07-19,30.699999999988023,-2.0999999999947647,0.32634753
8376208,2018-07-20,30.699999999988023,-2.0999999999947647,0.109081544
8391007,2018-07-21,30.699999999988023,-2.0999999999947647,0.44478768
8405806,2018-07-22,30.699999999988023,-2.0999999999947647,0.51167667
8420605,2018-07-23,30.699999999988023,-2.0999999999947647,0.44951782
8435404,2018-07-24,30.699999999988023,-2.0999999999947647,0.24920425
8450203,2018-07-25,30.699999999988023,-2.0999999999947647,0.5332458
8465002,2018-07-26,30.699999999988023,-2.0999999999947647,0.65422124
8479801,2018-07-27,30.699999999988023,-2.0999999999947647,0.65260667
8494600,2018-07-28,30.699999999988023,-2.0999999999947647,0.45945495
8509399,2018-07-29,30.699999999988023,-2.0999999999947647,0.73865294
8524198,2018-07-30,30.699999999988023,-2.0999999999947647,0.61998594
8538997,2018-07-31,30.699999999988023,-2.0999999999947647,0.45761356
8553796,2018-08-01,30.699999999988023,-2.0999999999947647,0.48080707
8568595,2018-08-02,30.699999999988023,-2.0999999999947647,0.35891107
8583394,2018-08-03,30.699999999988023,-2.0999999999947647,0.38947344
8598193,2018-08-04,30.699999999988023,-2.0999999999947647,0.6920919
8612992,2018-08-05,30.699999999988023,-2.0999999999947647,0.26655316
8627791,2018-08-06,30.699999999988023,-2.0999999999947647,0.5263869
8642590,2018-08-07,30.699999999988023,-2.0999999999947647,0.28986016
8657389,2018-08-08,30.699999999988023,-2.0999999999947647,0.14675842
8672188,2018-08-09,30.699999999988023,-2.0999999999947647,0.08459951
8686987,2018-08-10,30.699999999988023,-2.0999999999947647,0.2725872
8701786,2018-08-11,30.699999999988023,-2.0999999999947647,0.37983915
8716585,2018-08-12,30.699999999988023,-2.0999999999947647,0.58316475
8731384,2018-08-13,30.699999999988023,-2.0999999999947647,0.24966347
8746183,2018-08-14,30.699999999988023,-2.0999999999947647,0.24966347
8760982,2018-08-15,30.699999999988023,-2.0999999999947647,0.26397717
8775781,2018-08-16,30.699999999988023,-2.0999999999947647,0.56901735
8790580,2018-08-17,30.699999999988023,-2.0999999999947647,0.37043175
8805379,2018-08-18,30.699999999988023,-2.0999999999947647,0.67789376
8820178,2018-08-19,30.699999999988023,-2.0999999999947647,0.76578134
8834977,2018-08-20,30.699999999988023,-2.0999999999947647,0.7212786
8849776,2018-08-21,30.699999999988023,-2.0999999999947647,0.85760176
8864575,2018-08-22,30.699999999988023,-2.0999999999947647,0.71057713
8879374,2018-08-23,30.699999999988023,-2.0999999999947647,0.8534619
8894173,2018-08-24,30.699999999988023,-2.0999999999947647,0.8525511
8908972,2018-08-25,30.699999999988023,-2.0999999999947647,0.82419354
8923771,2018-08-26,30.699999999988023,-2.0999999999947647,0.71026653
8938570,2018-08-27,30.699999999988023,-2.0999999999947647,0.85639024
8953369,2018-08-28,30.699999999988023,-2.0999999999947647,0.60926557
8968168,2018-08-29,30.699999999988023,-2.0999999999947647,0.8238928
8982967,2018-08-30,30.699999999988023,-2.0999999999947647,0.71309125
8997766,2018-08-31,30.699999999988023,-2.0999999999947647,0.57505995
9012449,2018-09-01,30.699999999988023,-2.0999999999947647,0.6847436
9027248,2018-09-02,30.699999999988023,-2.0999999999947647,0.63620454
9042047,2018-09-03,30.699999999988023,-2.0999999999947647,0.8380291
9056846,2018-09-04,30.699999999988023,-2.0999999999947647,0.80402064
9071645,2018-09-05,30.699999999988023,-2.0999999999947647,0.6296627
9086444,2018-09-06,30.699999999988023,-2.0999999999947647,0.31381753
9101243,2018-09-07,30.699999999988023,-2.0999999999947647,0.37356454
9116042,2018-09-08,30.699999999988023,-2.0999999999947647,0.62451845
9130841,2018-09-09,30.699999999988023,-2.0999999999947647,0.67942184
9145640,2018-09-10,30.699999999988023,-2.0999999999947647,0.7042398
9160439,2018-09-11,30.699999999988023,-2.0999999999947647,0.8309893
9175238,2018-09-12,30.699999999988023,-2.0999999999947647,0.717983
9190037,2018-09-13,30.699999999988023,-2.0999999999947647,0.55309516
9204836,2018-09-14,30.699999999988023,-2.0999999999947647,0.38358074
9219635,2018-09-15,30.699999999988023,-2.0999999999947647,0.19781762
9234434,2018-09-16,30.699999999988023,-2.0999999999947647,0.24937864
9249233,2018-09-17,30.699999999988023,-2.0999999999947647,0.18400058
9264032,2018-09-18,30.699999999988023,-2.0999999999947647,0.54394424
9278831,2018-09-19,30.699999999988023,-2.0999999999947647,0.6254872
9293630,2018-09-20,30.699999999988023,-2.0999999999947647,0.60521215
9308429,2018-09-21,30.699999999988023,-2.0999999999947647,0.52045983
9323228,2018-09-22,30.699999999988023,-2.0999999999947647,0.27565342
9338027,2018-09-23,30.699999999988023,-2.0999999999947647,0.5234917
9352826,2018-09-24,30.699999999988023,-2.0999999999947647,0.68484974
9367625,2018-09-25,30.699999999988023,-2.0999999999947647,0.8374315
9382424,2018-09-26,30.699999999988023,-2.0999999999947647,0.44581747
9397223,2018-09-27,30.699999999988023,-2.0999999999947647,0.35127455
9412022,2018-09-28,30.699999999988023,-2.0999999999947647,0.852592
9426821,2018-09-29,30.699999999988023,-2.0999999999947647,0.8041762
9441620,2018-09-30,30.699999999988023,-2.0999999999947647,0.51276577
9456419,2018-10-01,30.699999999988023,-2.0999999999947647,0.6886545
9471218,2018-10-02,30.699999999988023,-2.0999999999947647,0.7991553
9486017,2018-10-03,30.699999999988023,-2.0999999999947647,0.7297409
9500816,2018-10-04,30.699999999988023,-2.0999999999947647,0.68847704
9515615,2018-10-05,30.699999999988023,-2.0999999999947647,0.6875762
9530414,2018-10-06,30.699999999988023,-2.0999999999947647,0.30102262
9545213,2018-10-07,30.699999999988023,-2.0999999999947647,0.22101037
9560012,2018-10-08,30.699999999988023,-2.0999999999947647,0.4961919
9574811,2018-10-09,30.699999999988023,-2.0999999999947647,0.7246559
9589610,2018-10-10,30.699999999988023,-2.0999999999947647,0.7916782
9604409,2018-10-11,30.699999999988023,-2.0999999999947647,0.6729175
9619208,2018-10-12,30.699999999988023,-2.0999999999947647,0.62126285
9634007,2018-10-13,30.699999999988023,-2.0999999999947647,0.59706485
9648806,2018-10-14,30.699999999988023,-2.0999999999947647,0.79152054
9663605,2018-10-15,30.699999999988023,-2.0999999999947647,0.7996129
9678404,2018-10-16,30.699999999988023,-2.0999999999947647,0.43958545
9693203,2018-10-17,30.699999999988023,-2.0999999999947647,0.81567425
9708002,2018-10-18,30.699999999988023,-2.0999999999947647,0.83910453
9722801,2018-10-19,30.699999999988023,-2.0999999999947647,0.825391
9737600,2018-10-20,30.699999999988023,-2.0999999999947647,0.6219817
9752399,2018-10-21,30.699999999988023,-2.0999999999947647,0.50402826
9767198,2018-10-22,30.699999999988023,-2.0999999999947647,0.56701416
9781997,2018-10-23,30.699999999988023,-2.0999999999947647,0.6986072
9796796,2018-10-24,30.699999999988023,-2.0999999999947647,0.6994342
9811595,2018-10-25,30.699999999988023,-2.0999999999947647,0.83011645
9826394,2018-10-26,30.699999999988023,-2.0999999999947647,0.47181696
9841193,2018-10-27,30.699999999988023,-2.0999999999947647,0.70351994
9855992,2018-10-28,30.699999999988023,-2.0999999999947647,0.69939
9870791,2018-10-29,30.699999999988023,-2.0999999999947647,0.8382582
9885590,2018-10-30,30.699999999988023,-2.0999999999947647,0.8188939
9900389,2018-10-31,30.699999999988023,-2.0999999999947647,0.78500885
9915188,2018-11-01,30.699999999988023,-2.0999999999947647,0.73901486
9929987,2018-11-02,30.699999999988023,-2.0999999999947647,0.8294377
9944786,2018-11-03,30.699999999988023,-2.0999999999947647,0.83026475
9959585,2018-11-04,30.699999999988023,-2.0999999999947647,0.7979942
9974384,2018-11-05,30.699999999988023,-2.0999999999947647,0.6526975
9989183,2018-11-06,30.699999999988023,-2.0999999999947647,0.25958237
10003982,2018-11-07,30.699999999988023,-2.0999999999947647,0.7060161
10018781,2018-11-08,30.699999999988023,-2.0999999999947647,0.77867925
10033580,2018-11-09,30.699999999988023,-2.0999999999947647,0.82874906
10048379,2018-11-10,30.699999999988023,-2.0999999999947647,0.7658027
10063178,2018-11-11,30.699999999988023,-2.0999999999947647,0.65925443
10077977,2018-11-12,30.699999999988023,-2.0999999999947647,0.3186111
10092776,2018-11-13,30.699999999988023,-2.0999999999947647,0.72639996
10107575,2018-11-14,30.699999999988023,-2.0999999999947647,0.7361068
10122374,2018-11-15,30.699999999988023,-2.0999999999947647,0.66255265
10137173,2018-11-16,30.699999999988023,-2.0999999999947647,0.6247348
10151972,2018-11-17,30.699999999988023,-2.0999999999947647,0.7409998
10166771,2018-11-18,30.699999999988023,-2.0999999999947647,0.77491456
10181570,2018-11-19,30.699999999988023,-2.0999999999947647,0.62559146
10196369,2018-11-20,30.699999999988023,-2.0999999999947647,0.8210714
10211168,2018-11-21,30.699999999988023,-2.0999999999947647,0.79445165
10225967,2018-11-22,30.699999999988023,-2.0999999999947647,0.75652033
10240766,2018-11-23,30.699999999988023,-2.0999999999947647,0.68550134
10255565,2018-11-24,30.699999999988023,-2.0999999999947647,0.8357748
10270364,2018-11-25,30.699999999988023,-2.0999999999947647,0.5580877
10285163,2018-11-26,30.699999999988023,-2.0999999999947647,0.67516
10299962,2018-11-27,30.699999999988023,-2.0999999999947647,0.8318915
10314761,2018-11-28,30.699999999988023,-2.0999999999947647,0.5445272
10329560,2018-11-29,30.699999999988023,-2.0999999999947647,0.6333355
10344359,2018-11-30,30.699999999988023,-2.0999999999947647,0.73840237
10359158,2018-12-01,30.699999999988023,-2.0999999999947647,0.85305285
10373957,2018-12-02,30.699999999988023,-2.0999999999947647,0.39615443
10388756,2018-12-03,30.699999999988023,-2.0999999999947647,0.76277316
10403555,2018-12-04,30.699999999988023,-2.0999999999947647,0.8549239
10418354,2018-12-05,30.699999999988023,-2.0999999999947647,0.8047802
10433153,2018-12-06,30.699999999988023,-2.0999999999947647,0.5336647
10447952,2018-12-07,30.699999999988023,-2.0999999999947647,0.57899445
10462751,2018-12-08,30.699999999988023,-2.0999999999947647,0.855894
10477550,2018-12-09,30.699999999988023,-2.0999999999947647,0.85521007
10492349,2018-12-10,30.699999999988023,-2.0999999999947647,0.8504898
10507148,2018-12-11,30.699999999988023,-2.0999999999947647,0.854536
10521947,2018-12-12,30.699999999988023,-2.0999999999947647,0.7471904
10536746,2018-12-13,30.699999999988023,-2.0999999999947647,0.8117809
10551545,2018-12-14,30.699999999988023,-2.0999999999947647,0.64722353
10566344,2018-12-15,30.699999999988023,-2.0999999999947647,0.5868025
10581143,2018-12-16,30.699999999988023,-2.0999999999947647,0.7474568
10595942,2018-12-17,30.699999999988023,-2.0999999999947647,0.75645995
10610741,2018-12-18,30.699999999988023,-2.0999999999947647,0.5046052
10625540,2018-12-19,30.699999999988023,-2.0999999999947647,0.49030134
10640339,2018-12-20,30.699999999988023,-2.0999999999947647,0.5565064
10655138,2018-12-21,30.699999999988023,-2.0999999999947647,0.59214914
10669937,2018-12-22,30.699999999988023,-2.0999999999947647,0.65754694
10684736,2018-12-23,30.699999999988023,-2.0999999999947647,0.8126639
10699535,2018-12-24,30.699999999988023,-2.0999999999947647,0.6891632
10714334,2018-12-25,30.699999999988023,-2.0999999999947647,0.48181117
10729133,2018-12-26,30.699999999988023,-2.0999999999947647,0.24782953
10743932,2018-12-27,30.699999999988023,-2.0999999999947647,0.49243873
10758731,2018-12-28,30.699999999988023,-2.0999999999947647,0.38449293
10773530,2018-12-29,30.699999999988023,-2.0999999999947647,0.663007
10788329,2018-12-30,30.699999999988023,-2.0999999999947647,0.76230973
10803128,2018-12-31,30.699999999988023,-2.0999999999947647,0.74962044
10817927,2019-01-01,30.699999999988023,-2.0999999999947647,0.6075528
10832726,2019-01-02,30.699999999988023,-2.0999999999947647,0.42603305
10847525,2019-01-03,30.699999999988023,-2.0999999999947647,0.37680018
10862324,2019-01-04,30.699999999988023,-2.0999999999947647,0.5295989
10877123,2019-01-05,30.699999999988023,-2.0999999999947647,0.4496902
10891922,2019-01-06,30.699999999988023,-2.0999999999947647,0.3876447
10906721,2019-01-07,30.699999999988023,-2.0999999999947647,0.53699744
10921520,2019-01-08,30.699999999988023,-2.0999999999947647,0.62187296
10936319,2019-01-09,30.699999999988023,-2.0999999999947647,0.4548839
10951118,2019-01-10,30.699999999988023,-2.0999999999947647,0.57033175
10965917,2019-01-11,30.699999999988023,-2.0999999999947647,0.6488627
10980716,2019-01-12,30.699999999988023,-2.0999999999947647,0.74342537
10995515,2019-01-13,30.699999999988023,-2.0999999999947647,0.5764363
11010314,2019-01-14,30.699999999988023,-2.0999999999947647,0.79844224
11025113,2019-01-15,30.699999999988023,-2.0999999999947647,0.7872541
11039912,2019-01-16,30.699999999988023,-2.0999999999947647,0.8180433
11054711,2019-01-17,30.699999999988023,-2.0999999999947647,0.5792082
11069510,2019-01-18,30.699999999988023,-2.0999999999947647,0.7923245
11084309,2019-01-19,30.699999999988023,-2.0999999999947647,0.7141338
11099108,2019-01-20,30.699999999988023,-2.0999999999947647,0.7828642
11113907,2019-01-21,30.699999999988023,-2.0999999999947647,0.6796485
11128706,2019-01-22,30.699999999988023,-2.0999999999947647,0.6345555
11143505,2019-01-23,30.699999999988023,-2.0999999999947647,0.6645375
11158304,2019-01-24,30.699999999988023,-2.0999999999947647,0.7541431
11173103,2019-01-25,30.699999999988023,-2.0999999999947647,0.6832178
11187902,2019-01-26,30.699999999988023,-2.0999999999947647,0.45094436
11202701,2019-01-27,30.699999999988023,-2.0999999999947647,0.67294043
11217500,2019-01-28,30.699999999988023,-2.0999999999947647,0.50918037
11232299,2019-01-29,30.699999999988023,-2.0999999999947647,0.43179697
11247098,2019-01-30,30.699999999988023,-2.0999999999947647,0.48517957
11261897,2019-01-31,30.699999999988023,-2.0999999999947647,0.53695756
11276696,2019-02-01,30.699999999988023,-2.0999999999947647,0.63302135
11291495,2019-02-02,30.699999999988023,-2.0999999999947647,0.57027215
11306294,2019-02-03,30.699999999988023,-2.0999999999947647,0.3975188
11321093,2019-02-04,30.699999999988023,-2.0999999999947647,0.6163993
11335892,2019-02-05,30.699999999988023,-2.0999999999947647,0.85948765
11350691,2019-02-06,30.699999999988023,-2.0999999999947647,0.8321543
11365490,2019-02-07,30.699999999988023,-2.0999999999947647,0.65708274
11380289,2019-02-08,30.699999999988023,-2.0999999999947647,0.6377085
11395088,2019-02-09,30.699999999988023,-2.0999999999947647,0.6516489
11409887,2019-02-10,30.699999999988023,-2.0999999999947647,0.8333856
11424686,2019-02-11,30.699999999988023,-2.0999999999947647,0.6695121
11439485,2019-02-12,30.699999999988023,-2.0999999999947647,0.5008986
11454284,2019-02-13,30.699999999988023,-2.0999999999947647,0.32028967
11469083,2019-02-14,30.699999999988023,-2.0999999999947647,0.6076737
11483882,2019-02-15,30.699999999988023,-2.0999999999947647,0.38578114
11498681,2019-02-16,30.699999999988023,-2.0999999999947647,0.5433001
11513480,2019-02-17,30.699999999988023,-2.0999999999947647,0.57569396
11528279,2019-02-18,30.699999999988023,-2.0999999999947647,0.694361
11543078,2019-02-19,30.699999999988023,-2.0999999999947647,0.6541016
11557877,2019-02-20,30.699999999988023,-2.0999999999947647,0.79466814
11572676,2019-02-21,30.699999999988023,-2.0999999999947647,0.6825627
11587475,2019-02-22,30.699999999988023,-2.0999999999947647,0.8118276
11602274,2019-02-23,30.699999999988023,-2.0999999999947647,0.7699537
11617073,2019-02-24,30.699999999988023,-2.0999999999947647,0.5900386
11631872,2019-02-25,30.699999999988023,-2.0999999999947647,0.6780199
11646671,2019-02-26,30.699999999988023,-2.0999999999947647,0.6353387
11661470,2019-02-27,30.699999999988023,-2.0999999999947647,0.63463503
11676269,2019-02-28,30.699999999988023,-2.0999999999947647,0.5475546
11691068,2019-03-01,30.699999999988023,-2.0999999999947647,0.710611
11705867,2019-03-02,30.699999999988023,-2.0999999999947647,0.68972576
11720666,2019-03-03,30.699999999988023,-2.0999999999947647,0.7875076
11735465,2019-03-04,30.699999999988023,-2.0999999999947647,0.7939558
11750264,2019-03-05,30.699999999988023,-2.0999999999947647,0.6859902
11765063,2019-03-06,30.699999999988023,-2.0999999999947647,0.8451237
11779862,2019-03-07,30.699999999988023,-2.0999999999947647,0.84753555
11794661,2019-03-08,30.699999999988023,-2.0999999999947647,0.7887093
11809460,2019-03-09,30.699999999988023,-2.0999999999947647,0.74278915
11824259,2019-03-10,30.699999999988023,-2.0999999999947647,0.81635326
11839058,2019-03-11,30.699999999988023,-2.0999999999947647,0.30050516
11853857,2019-03-12,30.699999999988023,-2.0999999999947647,0.37476307
11868656,2019-03-13,30.699999999988023,-2.0999999999947647,0.31200397
11883455,2019-03-14,30.699999999988023,-2.0999999999947647,0.3450917
11898254,2019-03-15,30.699999999988023,-2.0999999999947647,0.33872727
11913053,2019-03-16,30.699999999988023,-2.0999999999947647,0.44296718
11927852,2019-03-17,30.699999999988023,-2.0999999999947647,0.42439032
11942651,2019-03-18,30.699999999988023,-2.0999999999947647,0.4672687
11957450,2019-03-19,30.699999999988023,-2.0999999999947647,0.32114503
11972249,2019-03-20,30.699999999988023,-2.0999999999947647,0.32781014
11987048,2019-03-21,30.699999999988023,-2.0999999999947647,0.38915193
12001847,2019-03-22,30.699999999988023,-2.0999999999947647,0.20438336
12016646,2019-03-23,30.699999999988023,-2.0999999999947647,0.6314132
12031445,2019-03-24,30.699999999988023,-2.0999999999947647,0.74775213
12046244,2019-03-25,30.699999999988023,-2.0999999999947647,0.70334303
12061043,2019-03-26,30.699999999988023,-2.0999999999947647,0.7478359
12075842,2019-03-27,30.699999999988023,-2.0999999999947647,0.6880889
12090641,2019-03-28,30.699999999988023,-2.0999999999947647,0.86174315
12105440,2019-03-29,30.699999999988023,-2.0999999999947647,0.5339863
12120239,2019-03-30,30.699999999988023,-2.0999999999947647,0.76414865
12135038,2019-03-31,30.699999999988023,-2.0999999999947647,0.71984303
12149837,2019-04-01,30.699999999988023,-2.0999999999947647,0.6253839
12164636,2019-04-02,30.699999999988023,-2.0999999999947647,0.61982673
12179435,2019-04-03,30.699999999988023,-2.0999999999947647,0.5666414
12194234,2019-04-04,30.699999999988023,-2.0999999999947647,0.81757545
12209033,2019-04-05,30.699999999988023,-2.0999999999947647,0.7466304
12223832,2019-04-06,30.699999999988023,-2.0999999999947647,0.32846054
12238631,2019-04-07,30.699999999988023,-2.0999999999947647,0.6700246
12253430,2019-04-08,30.699999999988023,-2.0999999999947647,0.6788846
12268229,2019-04-09,30.699999999988023,-2.0999999999947647,0.7442627
12283028,2019-04-10,30.699999999988023,-2.0999999999947647,0.7750322
12297827,2019-04-11,30.699999999988023,-2.0999999999947647,0.5926854
12312626,2019-04-12,30.699999999988023,-2.0999999999947647,0.7831787
12327425,2019-04-13,30.699999999988023,-2.0999999999947647,0.6354404
12342224,2019-04-14,30.699999999988023,-2.0999999999947647,0.84450066
12357023,2019-04-15,30.699999999988023,-2.0999999999947647,0.7307708
12371822,2019-04-16,30.699999999988023,-2.0999999999947647,0.6387335
12386621,2019-04-17,30.699999999988023,-2.0999999999947647,0.47484022
12401420,2019-04-18,30.699999999988023,-2.0999999999947647,0.24405794
12416219,2019-04-19,30.699999999988023,-2.0999999999947647,0.41598424
12431018,2019-04-20,30.699999999988023,-2.0999999999947647,0.7905423
12445817,2019-04-21,30.699999999988023,-2.0999999999947647,0.83330727
12460616,2019-04-22,30.699999999988023,-2.0999999999947647,0.86084765
12475415,2019-04-23,30.699999999988023,-2.0999999999947647,0.8550736
12490214,2019-04-24,30.699999999988023,-2.0999999999947647,0.7251986
12505013,2019-04-25,30.699999999988023,-2.0999999999947647,0.806712
12519812,2019-04-26,30.699999999988023,-2.0999999999947647,0.86654276
12534611,2019-04-27,30.699999999988023,-2.0999999999947647,0.77439195
12549410,2019-04-28,30.699999999988023,-2.0999999999947647,0.6380589
12564209,2019-04-29,30.699999999988023,-2.0999999999947647,0.8455046
12579008,2019-04-30,30.699999999988023,-2.0999999999947647,0.78241515
12593807,2019-05-01,30.699999999988023,-2.0999999999947647,0.81641364
12608606,2019-05-02,30.699999999988023,-2.0999999999947647,0.4402114
12623405,2019-05-03,30.699999999988023,-2.0999999999947647,0.45875856
12638204,2019-05-04,30.699999999988023,-2.0999999999947647,0.60486245
12653003,2019-05-05,30.699999999988023,-2.0999999999947647,0.6726524
12667802,2019-05-06,30.699999999988023,-2.0999999999947647,0.5411629
12682601,2019-05-07,30.699999999988023,-2.0999999999947647,0.62499446
12697400,2019-05-08,30.699999999988023,-2.0999999999947647,0.72426754
12712199,2019-05-09,30.699999999988023,-2.0999999999947647,0.53132284
12726998,2019-05-10,30.699999999988023,-2.0999999999947647,0.7767097
12741797,2019-05-11,30.699999999988023,-2.0999999999947647,0.6660955
12756596,2019-05-12,30.699999999988023,-2.0999999999947647,0.75799966
12771395,2019-05-13,30.699999999988023,-2.0999999999947647,0.8250958
12786194,2019-05-14,30.699999999988023,-2.0999999999947647,0.8404139
12800993,2019-05-15,30.699999999988023,-2.0999999999947647,0.80880755
12815792,2019-05-16,30.699999999988023,-2.0999999999947647,0.8323117
12830591,2019-05-17,30.699999999988023,-2.0999999999947647,0.48748899
12845390,2019-05-18,30.699999999988023,-2.0999999999947647,0.7199597
12860189,2019-05-19,30.699999999988023,-2.0999999999947647,0.8344671
12874988,2019-05-20,30.699999999988023,-2.0999999999947647,0.7304244
12889787,2019-05-21,30.699999999988023,-2.0999999999947647,0.7916527
12904586,2019-05-22,30.699999999988023,-2.0999999999947647,0.704449
12919385,2019-05-23,30.699999999988023,-2.0999999999947647,0.7060536
12934184,2019-05-24,30.699999999988023,-2.0999999999947647,0.69957584
12948983,2019-05-25,30.699999999988023,-2.0999999999947647,0.6865364
12963782,2019-05-26,30.699999999988023,-2.0999999999947647,0.77935135
12978581,2019-05-27,30.699999999988023,-2.0999999999947647,0.6534091
12993380,2019-05-28,30.699999999988023,-2.0999999999947647,0.78163993
13008179,2019-05-29,30.699999999988023,-2.0999999999947647,0.6613386
13022978,2019-05-30,30.699999999988023,-2.0999999999947647,0.6952336
13037777,2019-05-31,30.699999999988023,-2.0999999999947647,0.62094605
13052576,2019-06-01,30.699999999988023,-2.0999999999947647,0.7475623
13067375,2019-06-02,30.699999999988023,-2.0999999999947647,0.8047544
13082174,2019-06-03,30.699999999988023,-2.0999999999947647,0.8588308
13096973,2019-06-04,30.699999999988023,-2.0999999999947647,0.7579037
13111772,2019-06-05,30.699999999988023,-2.0999999999947647,0.5414351
13126571,2019-06-06,30.699999999988023,-2.0999999999947647,0.6350672
13141370,2019-06-07,30.699999999988023,-2.0999999999947647,0.83191496
13156169,2019-06-08,30.699999999988023,-2.0999999999947647,0.7496683
13170968,2019-06-09,30.699999999988023,-2.0999999999947647,0.74227965
13185767,2019-06-10,30.699999999988023,-2.0999999999947647,0.55729413
13200566,2019-06-11,30.699999999988023,-2.0999999999947647,0.48947453
13215365,2019-06-12,30.699999999988023,-2.0999999999947647,0.6023674
13230164,2019-06-13,30.699999999988023,-2.0999999999947647,0.6111239
13244963,2019-06-14,30.699999999988023,-2.0999999999947647,0.71847945
13259762,2019-06-15,30.699999999988023,-2.0999999999947647,0.52865034
13274561,2019-06-16,30.699999999988023,-2.0999999999947647,0.642464
13289360,2019-06-17,30.699999999988023,-2.0999999999947647,0.6471842
13304159,2019-06-18,30.699999999988023,-2.0999999999947647,0.42437094
13318958,2019-06-19,30.699999999988023,-2.0999999999947647,0.5590598
13333757,2019-06-20,30.699999999988023,-2.0999999999947647,0.57842416
13348556,2019-06-21,30.699999999988023,-2.0999999999947647,0.5702282
13363355,2019-06-22,30.699999999988023,-2.0999999999947647,0.63076276
13378154,2019-06-23,30.699999999988023,-2.0999999999947647,0.6523318
13392953,2019-06-24,30.699999999988023,-2.0999999999947647,0.61760986
13407752,2019-06-25,30.699999999988023,-2.0999999999947647,0.82091576
13422551,2019-06-26,30.699999999988023,-2.0999999999947647,0.83382195
13437350,2019-06-27,30.699999999988023,-2.0999999999947647,0.7868875
13452149,2019-06-28,30.699999999988023,-2.0999999999947647,0.5187544
13466948,2019-06-29,30.699999999988023,-2.0999999999947647,0.4509348
13481747,2019-06-30,30.699999999988023,-2.0999999999947647,0.7146815
13496546,2019-07-01,30.699999999988023,-2.0999999999947647,0.4870247
13511345,2019-07-02,30.699999999988023,-2.0999999999947647,0.10114524
13526144,2019-07-03,30.699999999988023,-2.0999999999947647,0.40375376
13540943,2019-07-04,30.699999999988023,-2.0999999999947647,0.5610459
13555742,2019-07-05,30.699999999988023,-2.0999999999947647,0.44953078
13570541,2019-07-06,30.699999999988023,-2.0999999999947647,0.79099125
13585340,2019-07-07,30.699999999988023,-2.0999999999947647,0.7876488
13600139,2019-07-08,30.699999999988023,-2.0999999999947647,0.7704695
13614938,2019-07-09,30.699999999988023,-2.0999999999947647,0.8188951
13629737,2019-07-10,30.699999999988023,-2.0999999999947647,0.7275615
13644536,2019-07-11,30.699999999988023,-2.0999999999947647,0.73955697
13659335,2019-07-12,30.699999999988023,-2.0999999999947647,0.8590213
13674134,2019-07-13,30.699999999988023,-2.0999999999947647,0.85567886
13688933,2019-07-14,30.699999999988023,-2.0999999999947647,0.50925153
13703732,2019-07-15,30.699999999988023,-2.0999999999947647,0.29763636
13718531,2019-07-16,30.699999999988023,-2.0999999999947647,0.37350878
13733330,2019-07-17,30.699999999988023,-2.0999999999947647,0.56633013
13748129,2019-07-18,30.699999999988023,-2.0999999999947647,0.51293766
13762928,2019-07-19,30.699999999988023,-2.0999999999947647,0.24804343
13777727,2019-07-20,30.699999999988023,-2.0999999999947647,0.38920024
13792526,2019-07-21,30.699999999988023,-2.0999999999947647,0.71441203
13807325,2019-07-22,30.699999999988023,-2.0999999999947647,0.81762767
13822124,2019-07-23,30.699999999988023,-2.0999999999947647,0.731251
13836923,2019-07-24,30.699999999988023,-2.0999999999947647,0.5567698
13851722,2019-07-25,30.699999999988023,-2.0999999999947647,0.23294567
13866521,2019-07-26,30.699999999988023,-2.0999999999947647,0.21507256
13881320,2019-07-27,30.699999999988023,-2.0999999999947647,0.48308238
13896119,2019-07-28,30.699999999988023,-2.0999999999947647,0.8202995
13910918,2019-07-29,30.699999999988023,-2.0999999999947647,0.76125616
13925717,2019-07-30,30.699999999988023,-2.0999999999947647,0.554598
13940516,2019-07-31,30.699999999988023,-2.0999999999947647,0.81361455
13955315,2019-08-01,30.699999999988023,-2.0999999999947647,0.8230847
13970114,2019-08-02,30.699999999988023,-2.0999999999947647,0.7076467
13984913,2019-08-03,30.699999999988023,-2.0999999999947647,0.4580904
13999712,2019-08-04,30.699999999988023,-2.0999999999947647,0.45072156
14014511,2019-08-05,30.699999999988023,-2.0999999999947647,0.37068954
14029310,2019-08-06,30.699999999988023,-2.0999999999947647,0.21559237
14044109,2019-08-07,30.699999999988023,-2.0999999999947647,0.49894008
14058908,2019-08-08,30.699999999988023,-2.0999999999947647,0.5754127
14073707,2019-08-09,30.699999999988023,-2.0999999999947647,0.438986
14088506,2019-08-10,30.699999999988023,-2.0999999999947647,0.68671083
14103305,2019-08-11,30.699999999988023,-2.0999999999947647,0.67206675
14118104,2019-08-12,30.699999999988023,-2.0999999999947647,0.4992099
14132903,2019-08-13,30.699999999988023,-2.0999999999947647,0.466816
14147702,2019-08-14,30.699999999988023,-2.0999999999947647,0.32150948
14162501,2019-08-15,30.699999999988023,-2.0999999999947647,0.35358286
14177300,2019-08-16,30.699999999988023,-2.0999999999947647,0.3147309
14192099,2019-08-17,30.699999999988023,-2.0999999999947647,0.62229645
14206898,2019-08-18,30.699999999988023,-2.0999999999947647,0.7222929
14221697,2019-08-19,30.699999999988023,-2.0999999999947647,0.6382345
14236496,2019-08-20,30.699999999988023,-2.0999999999947647,0.6679995
14251295,2019-08-21,30.699999999988023,-2.0999999999947647,0.76395977
14266094,2019-08-22,30.699999999988023,-2.0999999999947647,0.67747957
14280893,2019-08-23,30.699999999988023,-2.0999999999947647,0.45951974
14295692,2019-08-24,30.699999999988023,-2.0999999999947647,0.2454927
14310491,2019-08-25,30.699999999988023,-2.0999999999947647,0.3713215
14325290,2019-08-26,30.699999999988023,-2.0999999999947647,0.636806
14340089,2019-08-27,30.699999999988023,-2.0999999999947647,0.5359086
14354888,2019-08-28,30.699999999988023,-2.0999999999947647,0.76991
14369687,2019-08-29,30.699999999988023,-2.0999999999947647,0.5736427
14384486,2019-08-30,30.699999999988023,-2.0999999999947647,0.8317583
14399285,2019-08-31,30.699999999988023,-2.0999999999947647,0.768802
14414084,2019-09-01,30.699999999988023,-2.0999999999947647,0.63550085
14428883,2019-09-02,30.699999999988023,-2.0999999999947647,0.40613586
14443682,2019-09-03,30.699999999988023,-2.0999999999947647,0.67577004
14458481,2019-09-04,30.699999999988023,-2.0999999999947647,0.69907707
14473280,2019-09-05,30.699999999988023,-2.0999999999947647,0.6167466
14488079,2019-09-06,30.699999999988023,-2.0999999999947647,0.74973714
14502878,2019-09-07,30.699999999988023,-2.0999999999947647,0.56892115
14517677,2019-09-08,30.699999999988023,-2.0999999999947647,0.78435564
14532476,2019-09-09,30.699999999988023,-2.0999999999947647,0.6511678
14547275,2019-09-10,30.699999999988023,-2.0999999999947647,0.5758857
14562074,2019-09-11,30.699999999988023,-2.0999999999947647,0.7760957
14576873,2019-09-12,30.699999999988023,-2.0999999999947647,0.81808305
14591672,2019-09-13,30.699999999988023,-2.0999999999947647,0.5030451
14606471,2019-09-14,30.699999999988023,-2.0999999999947647,0.21647823
14621270,2019-09-15,30.699999999988023,-2.0999999999947647,0.21880634
14636069,2019-09-16,30.699999999988023,-2.0999999999947647,0.6142595
14650868,2019-09-17,30.699999999988023,-2.0999999999947647,0.7603832
14665667,2019-09-18,30.699999999988023,-2.0999999999947647,0.32921347
14680466,2019-09-19,30.699999999988023,-2.0999999999947647,0.3752371
14695265,2019-09-20,30.699999999988023,-2.0999999999947647,0.57695806
14710064,2019-09-21,30.699999999988023,-2.0999999999947647,0.75698656
14724863,2019-09-22,30.699999999988023,-2.0999999999947647,0.50330037
14739662,2019-09-23,30.699999999988023,-2.0999999999947647,0.4355005
14754461,2019-09-24,30.699999999988023,-2.0999999999947647,0.21906157
14769260,2019-09-25,30.699999999988023,-2.0999999999947647,0.7720436
14784059,2019-09-26,30.699999999988023,-2.0999999999947647,0.82684344
14798858,2019-09-27,30.699999999988023,-2.0999999999947647,0.8089901
14813657,2019-09-28,30.699999999988023,-2.0999999999947647,0.5983055
14828456,2019-09-29,30.699999999988023,-2.0999999999947647,0.48853818
14843255,2019-09-30,30.699999999988023,-2.0999999999947647,0.7751248
14858054,2019-10-01,30.699999999988023,-2.0999999999947647,0.46181488
14872853,2019-10-02,30.699999999988023,-2.0999999999947647,0.7192367
14887652,2019-10-03,30.699999999988023,-2.0999999999947647,0.577169
14902451,2019-10-04,30.699999999988023,-2.0999999999947647,0.21784534
14917250,2019-10-05,30.699999999988023,-2.0999999999947647,0.42521715
14932049,2019-10-06,30.699999999988023,-2.0999999999947647,0.78779954
14946848,2019-10-07,30.699999999988023,-2.0999999999947647,0.67307514
14961647,2019-10-08,30.699999999988023,-2.0999999999947647,0.7722743
14976446,2019-10-09,30.699999999988023,-2.0999999999947647,0.81022537
14991245,2019-10-10,30.699999999988023,-2.0999999999947647,0.8376919
15006044,2019-10-11,30.699999999988023,-2.0999999999947647,0.8384055
15020843,2019-10-12,30.699999999988023,-2.0999999999947647,0.85133153
15035642,2019-10-13,30.699999999988023,-2.0999999999947647,0.73510605
15050441,2019-10-14,30.699999999988023,-2.0999999999947647,0.8351125
15065240,2019-10-15,30.699999999988023,-2.0999999999947647,0.7850822
15080039,2019-10-16,30.699999999988023,-2.0999999999947647,0.84967273
15094838,2019-10-17,30.699999999988023,-2.0999999999947647,0.81971055
15109637,2019-10-18,30.699999999988023,-2.0999999999947647,0.84717715
15124436,2019-10-19,30.699999999988023,-2.0999999999947647,0.81489664
15139235,2019-10-20,30.699999999988023,-2.0999999999947647,0.83751965
15154034,2019-10-21,30.699999999988023,-2.0999999999947647,0.60655004
15168833,2019-10-22,30.699999999988023,-2.0999999999947647,0.50081897
15183632,2019-10-23,30.699999999988023,-2.0999999999947647,0.8035508
15198431,2019-10-24,30.699999999988023,-2.0999999999947647,0.79953426
15213230,2019-10-25,30.699999999988023,-2.0999999999947647,0.7945971
15228029,2019-10-26,30.699999999988023,-2.0999999999947647,0.7947204
15242828,2019-10-27,30.699999999988023,-2.0999999999947647,0.72450864
15257627,2019-10-28,30.699999999988023,-2.0999999999947647,0.818057
15272426,2019-10-29,30.699999999988023,-2.0999999999947647,0.7494598
15287225,2019-10-30,30.699999999988023,-2.0999999999947647,0.7268665
15302024,2019-10-31,30.699999999988023,-2.0999999999947647,0.7938887
15316823,2019-11-01,30.699999999988023,-2.0999999999947647,0.8027883
15331622,2019-11-02,30.699999999988023,-2.0999999999947647,0.31037045
15346421,2019-11-03,30.699999999988023,-2.0999999999947647,0.32169184
15361220,2019-11-04,30.699999999988023,-2.0999999999947647,0.4193899
15376019,2019-11-05,30.699999999988023,-2.0999999999947647,0.5049692
15390818,2019-11-06,30.699999999988023,-2.0999999999947647,0.4944946
15405617,2019-11-07,30.699999999988023,-2.0999999999947647,0.505816
15420416,2019-11-08,30.699999999988023,-2.0999999999947647,0.6971462
15435215,2019-11-09,30.699999999988023,-2.0999999999947647,0.40897462
15450014,2019-11-10,30.699999999988023,-2.0999999999947647,0.63906306
15464813,2019-11-11,30.699999999988023,-2.0999999999947647,0.7698488
15479612,2019-11-12,30.699999999988023,-2.0999999999947647,0.7472654
15494411,2019-11-13,30.699999999988023,-2.0999999999947647,0.8055113
15509210,2019-11-14,30.699999999988023,-2.0999999999947647,0.70300925
15524009,2019-11-15,30.699999999988023,-2.0999999999947647,0.6076591
15538808,2019-11-16,30.699999999988023,-2.0999999999947647,0.7651978
15553607,2019-11-17,30.699999999988023,-2.0999999999947647,0.7789409
15568406,2019-11-18,30.699999999988023,-2.0999999999947647,0.74988955
15583205,2019-11-19,30.699999999988023,-2.0999999999947647,0.8322497
15598004,2019-11-20,30.699999999988023,-2.0999999999947647,0.69433177
15612803,2019-11-21,30.699999999988023,-2.0999999999947647,0.66286844
15627602,2019-11-22,30.699999999988023,-2.0999999999947647,0.8283664
15642401,2019-11-23,30.699999999988023,-2.0999999999947647,0.85583293
15657200,2019-11-24,30.699999999988023,-2.0999999999947647,0.8535344
15671999,2019-11-25,30.699999999988023,-2.0999999999947647,0.8139887
15686798,2019-11-26,30.699999999988023,-2.0999999999947647,0.68081075
15701597,2019-11-27,30.699999999988023,-2.0999999999947647,0.7624672
15716396,2019-11-28,30.699999999988023,-2.0999999999947647,0.7616797
15731195,2019-11-29,30.699999999988023,-2.0999999999947647,0.8093178
15745994,2019-11-30,30.699999999988023,-2.0999999999947647,0.7561621
15760793,2019-12-01,30.699999999988023,-2.0999999999947647,0.84013677
15775592,2019-12-02,30.699999999988023,-2.0999999999947647,0.83126676
15790391,2019-12-03,30.699999999988023,-2.0999999999947647,0.8475353
15805190,2019-12-04,30.699999999988023,-2.0999999999947647,0.814561
15819989,2019-12-05,30.699999999988023,-2.0999999999947647,0.82092535
15834788,2019-12-06,30.699999999988023,-2.0999999999947647,0.7863366
15849587,2019-12-07,30.699999999988023,-2.0999999999947647,0.8518478
15864386,2019-12-08,30.699999999988023,-2.0999999999947647,0.8397488
15879185,2019-12-09,30.699999999988023,-2.0999999999947647,0.7147471
15893984,2019-12-10,30.699999999988023,-2.0999999999947647,0.776222
15908783,2019-12-11,30.699999999988023,-2.0999999999947647,0.84161985
15923582,2019-12-12,30.699999999988023,-2.0999999999947647,0.70279115
15938381,2019-12-13,30.699999999988023,-2.0999999999947647,0.5833268
15953180,2019-12-14,30.699999999988023,-2.0999999999947647,0.49142262
15967979,2019-12-15,30.699999999988023,-2.0999999999947647,0.61747825
15982778,2019-12-16,30.699999999988023,-2.0999999999947647,0.51093
15997577,2019-12-17,30.699999999988023,-2.0999999999947647,0.77744865
16012376,2019-12-18,30.699999999988023,-2.0999999999947647,0.7169141
16027175,2019-12-19,30.699999999988023,-2.0999999999947647,0.6937305
16041974,2019-12-20,30.699999999988023,-2.0999999999947647,0.8414687
16056773,2019-12-21,30.699999999988023,-2.0999999999947647,0.5977999
16071572,2019-12-22,30.699999999988023,-2.0999999999947647,0.7447309
16086371,2019-12-23,30.699999999988023,-2.0999999999947647,0.8029768
16101170,2019-12-24,30.699999999988023,-2.0999999999947647,0.6383059
16115969,2019-12-25,30.699999999988023,-2.0999999999947647,0.5657661
16130768,2019-12-26,30.699999999988023,-2.0999999999947647,0.85327345
16145567,2019-12-27,30.699999999988023,-2.0999999999947647,0.73461634
16160366,2019-12-28,30.699999999988023,-2.0999999999947647,0.83575046
16175165,2019-12-29,30.699999999988023,-2.0999999999947647,0.72355145
16189964,2019-12-30,30.699999999988023,-2.0999999999947647,0.7041871
16204763,2019-12-31,30.699999999988023,-2.0999999999947647,0.36375085
16219562,2023-01-01,30.699999999988023,-2.0999999999947647,0.317747
16234361,2023-01-02,30.699999999988023,-2.0999999999947647,0.32108945
16249160,2023-01-03,30.699999999988023,-2.0999999999947647,0.30091786
16263959,2023-01-04,30.699999999988023,-2.0999999999947647,0.24625115
16278758,2023-01-05,30.699999999988023,-2.0999999999947647,0.31729978
16293557,2023-01-06,30.699999999988023,-2.0999999999947647,0.23103654
16308356,2023-01-07,30.699999999988023,-2.0999999999947647,0.5079361
16323155,2023-01-08,30.699999999988023,-2.0999999999947647,0.53065276
16337954,2023-01-09,30.699999999988023,-2.0999999999947647,0.54368234
16352753,2023-01-10,30.699999999988023,-2.0999999999947647,0.7229036
16367552,2023-01-11,30.699999999988023,-2.0999999999947647,0.79416925
16382351,2023-01-12,30.699999999988023,-2.0999999999947647,0.71355677
16397150,2023-01-13,30.699999999988023,-2.0999999999947647,0.5401096
16411949,2023-01-14,30.699999999988023,-2.0999999999947647,0.38916215
16426748,2023-01-15,30.699999999988023,-2.0999999999947647,0.6459838
16441547,2023-01-16,30.699999999988023,-2.0999999999947647,0.5225867
16456346,2023-01-17,30.699999999988023,-2.0999999999947647,0.563063
16471145,2023-01-18,30.699999999988023,-2.0999999999947647,0.48798797
16485944,2023-01-19,30.699999999988023,-2.0999999999947647,0.34683114
16500743,2023-01-20,30.699999999988023,-2.0999999999947647,0.6650045
16515542,2023-01-21,30.699999999988023,-2.0999999999947647,0.62233317
16530341,2023-01-22,30.699999999988023,-2.0999999999947647,0.82183945
16545140,2023-01-23,30.699999999988023,-2.0999999999947647,0.62901807
16559939,2023-01-24,30.699999999988023,-2.0999999999947647,0.8251819
16574738,2023-01-25,30.699999999988023,-2.0999999999947647,0.41036445
16589537,2023-01-26,30.699999999988023,-2.0999999999947647,0.6737477
16604336,2023-01-27,30.699999999988023,-2.0999999999947647,0.5776839
16619135,2023-01-28,30.699999999988023,-2.0999999999947647,0.19434954
16633934,2023-01-29,30.699999999988023,-2.0999999999947647,0.44794217
16648733,2023-01-30,30.699999999988023,-2.0999999999947647,0.3544037
16663532,2023-01-31,30.699999999988023,-2.0999999999947647,0.3141542
16678331,2023-02-01,30.699999999988023,-2.0999999999947647,0.26087514
16693130,2023-02-02,30.699999999988023,-2.0999999999947647,0.45079786
16707929,2023-02-03,30.699999999988023,-2.0999999999947647,0.34585425
16722728,2023-02-04,30.699999999988023,-2.0999999999947647,0.42265722
16737527,2023-02-05,30.699999999988023,-2.0999999999947647,0.4130737
16752326,2023-02-06,30.699999999988023,-2.0999999999947647,0.51974523
16767125,2023-02-07,30.699999999988023,-2.0999999999947647,0.589273
16781924,2023-02-08,30.699999999988023,-2.0999999999947647,0.5368012
16796723,2023-02-09,30.699999999988023,-2.0999999999947647,0.3666866
16811522,2023-02-10,30.699999999988023,-2.0999999999947647,0.59685886
16826321,2023-02-11,30.699999999988023,-2.0999999999947647,0.5072531
16841120,2023-02-12,30.699999999988023,-2.0999999999947647,0.6623503
16855919,2023-02-13,30.699999999988023,-2.0999999999947647,0.6980867
16870718,2023-02-14,30.699999999988023,-2.0999999999947647,0.50353736
16885517,2023-02-15,30.699999999988023,-2.0999999999947647,0.4761941
16900316,2023-02-16,30.699999999988023,-2.0999999999947647,0.52796215
16915115,2023-02-17,30.699999999988023,-2.0999999999947647,0.61444235
16929914,2023-02-18,30.699999999988023,-2.0999999999947647,0.5345238
16944713,2023-02-19,30.699999999988023,-2.0999999999947647,0.49103534
16959512,2023-02-20,30.699999999988023,-2.0999999999947647,0.67519385
16974311,2023-02-21,30.699999999988023,-2.0999999999947647,0.5937643
16989110,2023-02-22,30.699999999988023,-2.0999999999947647,0.6737864
17003909,2023-02-23,30.699999999988023,-2.0999999999947647,0.8151602
17018708,2023-02-24,30.699999999988023,-2.0999999999947647,0.5206144
17033507,2023-02-25,30.699999999988023,-2.0999999999947647,0.8523877
17048306,2023-02-26,30.699999999988023,-2.0999999999947647,0.8541058
17063105,2023-02-27,30.699999999988023,-2.0999999999947647,0.8388714
17077904,2023-02-28,30.699999999988023,-2.0999999999947647,0.85834914
17092703,2023-03-01,30.699999999988023,-2.0999999999947647,0.6872005
17107502,2023-03-02,30.699999999988023,-2.0999999999947647,0.687304
17122301,2023-03-03,30.699999999988023,-2.0999999999947647,0.80607456
17137100,2023-03-04,30.699999999988023,-2.0999999999947647,0.651071
17151899,2023-03-05,30.699999999988023,-2.0999999999947647,0.6625797
17166698,2023-03-06,30.699999999988023,-2.0999999999947647,0.40436056
17181497,2023-03-07,30.699999999988023,-2.0999999999947647,0.23724814
17196296,2023-03-08,30.699999999988023,-2.0999999999947647,0.27852187
17211095,2023-03-09,30.699999999988023,-2.0999999999947647,0.72018594
17225894,2023-03-10,30.699999999988023,-2.0999999999947647,0.8260404
17240693,2023-03-11,30.699999999988023,-2.0999999999947647,0.8454047
17255492,2023-03-12,30.699999999988023,-2.0999999999947647,0.8502383
17270291,2023-03-13,30.699999999988023,-2.0999999999947647,0.82461315
17285090,2023-03-14,30.699999999988023,-2.0999999999947647,0.8585081
17299889,2023-03-15,30.699999999988023,-2.0999999999947647,0.86344534
17314688,2023-03-16,30.699999999988023,-2.0999999999947647,0.76829237
17329487,2023-03-17,30.699999999988023,-2.0999999999947647,0.85465914
17344286,2023-03-18,30.699999999988023,-2.0999999999947647,0.77321965
17359085,2023-03-19,30.699999999988023,-2.0999999999947647,0.6714952
17373884,2023-03-20,30.699999999988023,-2.0999999999947647,0.8525282
17388683,2023-03-21,30.699999999988023,-2.0999999999947647,0.795203
17403482,2023-03-22,30.699999999988023,-2.0999999999947647,0.82839423
17418281,2023-03-23,30.699999999988023,-2.0999999999947647,0.85663843
17433080,2023-03-24,30.699999999988023,-2.0999999999947647,0.8567321
17447879,2023-03-25,30.699999999988023,-2.0999999999947647,0.8583367
17462678,2023-03-26,30.699999999988023,-2.0999999999947647,0.8584303
17477477,2023-03-27,30.699999999988023,-2.0999999999947647,0.8568059
17492276,2023-03-28,30.699999999988023,-2.0999999999947647,0.845598
17507075,2023-03-29,30.699999999988023,-2.0999999999947647,0.6801001
17521874,2023-03-30,30.699999999988023,-2.0999999999947647,0.68907356
17536673,2023-03-31,30.699999999988023,-2.0999999999947647,0.80137616
17551472,2023-04-01,30.699999999988023,-2.0999999999947647,0.7012662
17566271,2023-04-02,30.699999999988023,-2.0999999999947647,0.567355
17581070,2023-04-03,30.699999999988023,-2.0999999999947647,0.82980764
17595869,2023-04-04,30.699999999988023,-2.0999999999947647,0.67146164
17610668,2023-04-05,30.699999999988023,-2.0999999999947647,0.83381426
17625467,2023-04-06,30.699999999988023,-2.0999999999947647,0.8007068
17640266,2023-04-07,30.699999999988023,-2.0999999999947647,0.4044365
17655065,2023-04-08,30.699999999988023,-2.0999999999947647,0.7087532
17669864,2023-04-09,30.699999999988023,-2.0999999999947647,0.77413124
17684663,2023-04-10,30.699999999988023,-2.0999999999947647,0.8000572
17699462,2023-04-11,30.699999999988023,-2.0999999999947647,0.7129669
17714261,2023-04-12,30.699999999988023,-2.0999999999947647,0.6612826
17729060,2023-04-13,30.699999999988023,-2.0999999999947647,0.824339
17743859,2023-04-14,30.699999999988023,-2.0999999999947647,0.8291627
17758658,2023-04-15,30.699999999988023,-2.0999999999947647,0.6379361
17773457,2023-04-16,30.699999999988023,-2.0999999999947647,0.7283392
17788256,2023-04-17,30.699999999988023,-2.0999999999947647,0.75818795
17803055,2023-04-18,30.699999999988023,-2.0999999999947647,0.7946083
17817854,2023-04-19,30.699999999988023,-2.0999999999947647,0.6694634
17832653,2023-04-20,30.699999999988023,-2.0999999999947647,0.57177526
17847452,2023-04-21,30.699999999988023,-2.0999999999947647,0.8018242
17862251,2023-04-22,30.699999999988023,-2.0999999999947647,0.7890017
17877050,2023-04-23,30.699999999988023,-2.0999999999947647,0.8526518
17891849,2023-04-24,30.699999999988023,-2.0999999999947647,0.8422511
17906648,2023-04-25,30.699999999988023,-2.0999999999947647,0.8551475
17921447,2023-04-26,30.699999999988023,-2.0999999999947647,0.7930822
17936246,2023-04-27,30.699999999988023,-2.0999999999947647,0.84058714
17951045,2023-04-28,30.699999999988023,-2.0999999999947647,0.81807756
17965844,2023-04-29,30.699999999988023,-2.0999999999947647,0.8527699
17980643,2023-04-30,30.699999999988023,-2.0999999999947647,0.8639482
